workerid	adjective	quiz_response	adj2_disagreement	relevant_adjective	adj2_subj	text	enteredText	order_questionnaires	adj1_disagreement	response	correct_response	adj1_subj	adj1_response	slide_number	predicate2	predicate1	correct	adj2_response
0	dwake	first	NA	NA	NA	NA	NA	NA	NA	NA	first	NA	NA	6	NA	NA	NA	NA
0	glab	first	NA	NA	NA	NA	NA	NA	NA	NA	first	NA	NA	7	NA	NA	NA	NA
0	glab	second	NA	NA	NA	NA	NA	NA	NA	NA	second	NA	NA	8	NA	NA	NA	NA
0	dwake	first	NA	NA	NA	NA	NA	NA	NA	NA	first	NA	NA	9	NA	NA	NA	NA
0	glab	first	NA	NA	NA	NA	NA	NA	NA	NA	first	NA	NA	10	NA	NA	NA	NA
0	dwake	first	NA	NA	NA	NA	NA	NA	NA	NA	first	NA	NA	11	NA	NA	NA	NA
0	dwake	first	NA	NA	NA	NA	NA	NA	NA	NA	first	NA	NA	12	NA	NA	NA	NA
0	glab	first	NA	NA	NA	NA	NA	NA	NA	NA	first	NA	NA	13	NA	NA	NA	NA
0	dwake	second	NA	NA	NA	NA	NA	NA	NA	NA	second	NA	NA	14	NA	NA	NA	NA
0	dwake	second	NA	NA	NA	NA	NA	NA	NA	NA	second	NA	NA	15	NA	NA	NA	NA
0	glab	second	NA	NA	NA	NA	NA	NA	NA	NA	second	NA	NA	16	NA	NA	NA	NA
0	glab	second	NA	NA	NA	NA	NA	NA	NA	NA	second	NA	NA	17	NA	NA	NA	NA
0	dwake	first	NA	NA	NA	NA	NA	NA	NA	NA	first	NA	NA	18	NA	NA	NA	NA
0	glab	second	NA	NA	NA	NA	NA	NA	NA	NA	second	NA	NA	19	NA	NA	NA	NA
0	glab	first	NA	NA	NA	NA	NA	NA	NA	NA	first	NA	NA	20	NA	NA	NA	NA
0	dwake	second	NA	NA	NA	NA	NA	NA	NA	NA	second	NA	NA	21	NA	NA	NA	NA
0	glab	second	NA	NA	NA	NA	NA	NA	NA	NA	second	NA	NA	22	NA	NA	NA	NA
0	dwake	second	NA	NA	NA	NA	NA	NA	NA	NA	second	NA	NA	23	NA	NA	NA	NA
0	dwake	first	NA	NA	NA	NA	NA	NA	NA	NA	first	NA	NA	24	NA	NA	NA	NA
0	glab	second	NA	NA	NA	NA	NA	NA	NA	NA	second	NA	NA	25	NA	NA	NA	NA
0	glab	second	NA	NA	NA	NA	NA	NA	NA	NA	second	NA	NA	26	NA	NA	NA	NA
0	glab	second	NA	NA	NA	NA	NA	NA	NA	NA	second	NA	NA	27	NA	NA	NA	NA
0	glab	second	NA	NA	NA	NA	NA	NA	NA	NA	second	NA	NA	28	NA	NA	NA	NA
0	dwake	first	NA	NA	NA	NA	NA	NA	NA	NA	first	NA	NA	29	NA	NA	NA	NA
0	dwake	second	NA	NA	NA	NA	NA	NA	NA	NA	second	NA	NA	30	NA	NA	NA	NA
0	glab	second	NA	NA	NA	NA	NA	NA	NA	NA	second	NA	NA	31	NA	NA	NA	NA
0	glab	second	NA	NA	NA	NA	NA	NA	NA	NA	second	NA	NA	32	NA	NA	NA	NA
0	glab	first	NA	NA	NA	NA	NA	NA	NA	NA	first	NA	NA	33	NA	NA	NA	NA
0	dwake	first	NA	NA	NA	NA	NA	NA	NA	NA	first	NA	NA	34	NA	NA	NA	NA
0	glab	second	NA	NA	NA	NA	NA	NA	NA	NA	second	NA	NA	35	NA	NA	NA	NA
0	dwake	first	NA	NA	NA	NA	NA	NA	NA	NA	first	NA	NA	36	NA	NA	NA	NA
0	dwake	first	NA	NA	NA	NA	NA	NA	NA	NA	first	NA	NA	37	NA	NA	NA	NA
0	dwake	first	NA	NA	NA	NA	NA	NA	NA	NA	first	NA	NA	38	NA	NA	NA	NA
0	dwake	first	NA	NA	NA	NA	NA	NA	NA	NA	first	NA	NA	39	NA	NA	NA	NA
0	dwake	first	NA	NA	NA	NA	NA	NA	NA	NA	first	NA	NA	40	NA	NA	NA	NA
0	glab	second	NA	NA	NA	NA	NA	NA	NA	NA	second	NA	NA	41	NA	NA	NA	NA
0	glab	first	NA	NA	NA	NA	NA	NA	NA	NA	first	NA	NA	42	NA	NA	NA	NA
0	glab	first	NA	NA	NA	NA	NA	NA	NA	NA	first	NA	NA	43	NA	NA	NA	NA
0	dwake	first	NA	NA	NA	NA	NA	NA	NA	NA	first	NA	NA	44	NA	NA	NA	NA
0	dwake	second	NA	NA	NA	NA	NA	NA	NA	NA	second	NA	NA	45	NA	NA	NA	NA
0	dwake	second	NA	NA	NA	NA	NA	NA	NA	NA	second	NA	NA	46	NA	NA	NA	NA
0	dwake	second	NA	NA	NA	NA	NA	NA	NA	NA	second	NA	NA	47	NA	NA	NA	NA
0	dwake	second	NA	NA	NA	NA	NA	NA	NA	NA	second	NA	NA	48	NA	NA	NA	NA
0	glab	second	NA	NA	NA	NA	NA	NA	NA	NA	second	NA	NA	49	NA	NA	NA	NA
0	glab	second	NA	NA	NA	NA	NA	NA	NA	NA	second	NA	NA	50	NA	NA	NA	NA
0	glab	first	NA	NA	NA	NA	NA	NA	NA	NA	first	NA	NA	51	NA	NA	NA	NA
0	glab	second	NA	NA	NA	NA	NA	NA	NA	NA	second	NA	NA	52	NA	NA	NA	NA
0	dwake	second	NA	NA	NA	NA	NA	NA	NA	NA	second	NA	NA	53	NA	NA	NA	NA
0	NA	NA	NA	NA	NA	NA	dwake    	NA	NA	NA	NA	NA	NA	55	NA	NA	correct	NA
0	NA	NA	NA	NA	NA	NA	red    	NA	NA	NA	NA	NA	NA	56	NA	NA	correct	NA
0	NA	NA	NA	NA	NA	NA	red    	NA	NA	NA	NA	NA	NA	57	NA	NA	correct	NA
0	NA	NA	NA	NA	NA	NA	blue    	NA	NA	NA	NA	NA	NA	58	NA	NA	correct	NA
0	NA	NA	NA	NA	NA	NA	dwake green   	NA	NA	NA	NA	NA	NA	59	NA	NA	correct	NA
0	NA	NA	NA	NA	NA	NA	glab dwake   	NA	NA	NA	NA	NA	NA	60	NA	NA	correct	NA
0	NA	NA	NA	NA	NA	NA	glab green   	NA	NA	NA	NA	NA	NA	61	NA	NA	correct	NA
0	NA	NA	NA	NA	NA	NA	glab green   	NA	NA	NA	NA	NA	NA	62	NA	NA	correct	NA
0	NA	NA	NA	NA	NA	NA	dwake glab   	NA	NA	NA	NA	NA	NA	63	NA	NA	correct	NA
0	NA	NA	NA	NA	NA	NA	dwake red   	NA	NA	NA	NA	NA	NA	64	NA	NA	correct	NA
0	NA	NA	NA	NA	NA	NA	dwake    	NA	NA	NA	NA	NA	NA	65	NA	NA	correct	NA
0	NA	NA	NA	NA	NA	NA	dwake green   	NA	NA	NA	NA	NA	NA	66	NA	NA	correct	NA
0	NA	NA	NA	NA	NA	NA	dwake blue   	NA	NA	NA	NA	NA	NA	67	NA	NA	correct	NA
0	NA	NA	NA	NA	NA	NA	glab dwake   	NA	NA	NA	NA	NA	NA	68	NA	NA	correct	NA
0	NA	NA	NA	NA	NA	NA	dwake blue   	NA	NA	NA	NA	NA	NA	69	NA	NA	correct	NA
0	NA	NA	NA	NA	NA	NA	dwake glab   	NA	NA	NA	NA	NA	NA	70	NA	NA	correct	NA
0	NA	NA	NA	NA	NA	NA	green    	NA	NA	NA	NA	NA	NA	71	NA	NA	correct	NA
0	NA	NA	NA	NA	NA	NA	dwake glab blue  	NA	NA	NA	NA	NA	NA	72	NA	NA	correct	NA
0	NA	NA	NA	NA	NA	NA	dwake glab   	NA	NA	NA	NA	NA	NA	73	NA	NA	correct	NA
0	NA	NA	NA	NA	NA	NA	red    	NA	NA	NA	NA	NA	NA	74	NA	NA	correct	NA
0	NA	NA	NA	NA	NA	NA	dwake glab   	NA	NA	NA	NA	NA	NA	75	NA	NA	correct	NA
0	NA	NA	NA	NA	NA	NA	dwake red glab  	NA	NA	NA	NA	NA	NA	76	NA	NA	correct	NA
0	NA	NA	NA	NA	NA	NA	dwake red   	NA	NA	NA	NA	NA	NA	77	NA	NA	correct	NA
0	NA	NA	NA	NA	NA	NA	dwake green   	NA	NA	NA	NA	NA	NA	78	NA	NA	correct	NA
0	NA	NA	NA	NA	NA	NA	glab red   	NA	NA	NA	NA	NA	NA	79	NA	NA	correct	NA
0	NA	NA	NA	NA	NA	NA	glab blue   	NA	NA	NA	NA	NA	NA	80	NA	NA	correct	NA
0	NA	NA	NA	NA	NA	NA	red	NA	NA	NA	NA	NA	NA	82	NA	NA	correct	NA
0	NA	NA	NA	NA	NA	NA	red	NA	NA	NA	NA	NA	NA	83	NA	NA	correct	NA
0	NA	NA	NA	NA	NA	NA	blue dake	NA	NA	NA	NA	NA	NA	84	NA	NA	underspecified	NA
0	NA	NA	NA	NA	NA	NA	blue	NA	NA	NA	NA	NA	NA	85	NA	NA	correct	NA
0	NA	NA	NA	NA	NA	NA	glab green	NA	NA	NA	NA	NA	NA	86	NA	NA	correct	NA
0	NA	NA	NA	NA	NA	NA	dwake glab	NA	NA	NA	NA	NA	NA	87	NA	NA	correct	NA
0	NA	NA	NA	NA	NA	NA	red dwake	NA	NA	NA	NA	NA	NA	88	NA	NA	correct	NA
0	NA	NA	NA	NA	NA	NA	blue glab	NA	NA	NA	NA	NA	NA	89	NA	NA	correct	NA
0	NA	NA	NA	NA	NA	NA	dwake glab	NA	NA	NA	NA	NA	NA	90	NA	NA	correct	NA
0	NA	NA	NA	NA	NA	NA	dwake glab	NA	NA	NA	NA	NA	NA	91	NA	NA	correct	NA
0	NA	NA	NA	NA	NA	NA	red	NA	NA	NA	NA	NA	NA	92	NA	NA	correct	NA
0	NA	NA	NA	NA	NA	NA	dwake glab	NA	NA	NA	NA	NA	NA	93	NA	NA	correct	NA
0	NA	NA	NA	NA	NA	NA	dwake glab	NA	NA	NA	NA	NA	NA	94	NA	NA	correct	NA
0	NA	NA	NA	NA	NA	NA	dwake blue	NA	NA	NA	NA	NA	NA	95	NA	NA	correct	NA
0	NA	NA	NA	NA	NA	NA	dwake blue	NA	NA	NA	NA	NA	NA	96	NA	NA	correct	NA
0	NA	NA	NA	NA	NA	NA	dwake red	NA	NA	NA	NA	NA	NA	97	NA	NA	correct	NA
0	NA	NA	NA	NA	NA	NA	glab red	NA	NA	NA	NA	NA	NA	98	NA	NA	correct	NA
0	NA	NA	NA	NA	NA	NA	dwake	NA	NA	NA	NA	NA	NA	99	NA	NA	correct	NA
0	NA	NA	NA	NA	NA	NA	dwake green	NA	NA	NA	NA	NA	NA	100	NA	NA	correct	NA
0	NA	NA	NA	NA	NA	NA	dwake glab	NA	NA	NA	NA	NA	NA	101	NA	NA	correct	NA
0	NA	NA	NA	NA	NA	NA	dwake red	NA	NA	NA	NA	NA	NA	102	NA	NA	correct	NA
0	NA	NA	NA	NA	NA	NA	blue	NA	NA	NA	NA	NA	NA	103	NA	NA	correct	NA
0	NA	NA	NA	NA	NA	NA	blue glab	NA	NA	NA	NA	NA	NA	104	NA	NA	correct	NA
0	NA	NA	NA	NA	NA	NA	green glab	NA	NA	NA	NA	NA	NA	105	NA	NA	correct	NA
0	NA	NA	NA	NA	NA	NA	green dwake	NA	NA	NA	NA	NA	NA	106	NA	NA	correct	NA
0	NA	NA	NA	NA	NA	NA	green	NA	NA	NA	NA	NA	NA	107	NA	NA	correct	NA
0	NA	NA	NA	NA	NA	NA	dwake	NA	NA	NA	NA	NA	NA	109	NA	NA	correct	NA
0	NA	NA	NA	NA	NA	NA	NA	NA	NA	0	NA	NA	NA	136	small	green	NA	NA
0	NA	NA	NA	NA	NA	NA	NA	NA	NA	0	NA	NA	NA	137	big	dwake	NA	NA
0	NA	NA	NA	NA	NA	NA	NA	NA	NA	0	NA	NA	NA	138	small	glab	NA	NA
0	NA	NA	NA	NA	NA	NA	NA	NA	NA	1	NA	NA	NA	139	glab	green	NA	NA
0	NA	NA	NA	NA	NA	NA	NA	NA	NA	0	NA	NA	NA	140	blue	dwake	NA	NA
0	NA	NA	NA	NA	NA	NA	NA	NA	NA	1	NA	NA	NA	141	dwake	glab	NA	NA
0	NA	NA	NA	NA	NA	NA	NA	NA	NA	1	NA	NA	NA	142	red	glab	NA	NA
0	NA	NA	NA	NA	NA	NA	NA	NA	NA	1	NA	NA	NA	143	red	big	NA	NA
0	NA	NA	NA	NA	NA	NA	NA	NA	NA	1	NA	NA	NA	144	red	big	NA	NA
0	NA	NA	NA	NA	NA	NA	NA	NA	NA	1	NA	NA	NA	145	dwake	small	NA	NA
0	NA	NA	NA	NA	NA	NA	NA	NA	NA	1	NA	NA	NA	146	dwake	green	NA	NA
0	NA	NA	NA	NA	NA	NA	NA	NA	NA	0	NA	NA	NA	147	glab	blue	NA	NA
0	NA	NA	NA	NA	NA	NA	NA	NA	NA	1	NA	NA	NA	148	dwake	red	NA	NA
0	NA	NA	NA	NA	NA	NA	NA	NA	NA	1	NA	NA	NA	149	glab	big	NA	NA
0	NA	NA	NA	red	NA	What a nice color. I like flying this...	NA	NA	NA	0	NA	NA	NA	151	red	dwake	NA	NA
0	NA	NA	NA	NONE	NA	On our planet, many aliens fly ships like this...	NA	NA	NA	0	NA	NA	NA	152	glab	green	NA	NA
0	NA	NA	NA	green	NA	I like ships that have the same color as I have, like this...	NA	NA	NA	1	NA	NA	NA	153	green	glab	NA	NA
0	NA	NA	NA	dwake	NA	Wow, so many fins &#8210; I like this...	NA	NA	NA	1	NA	NA	NA	154	dwake	red	NA	NA
0	NA	NA	NA	NONE	NA	My friend used to fly this...	NA	NA	NA	1	NA	NA	NA	155	dwake	blue	NA	NA
0	NA	NA	NA	glab	NA	For long distances, I use rockets. The best one is this...	NA	NA	NA	1	NA	NA	NA	156	blue	glab	NA	NA
0	NA	NA	NA	dwake	NA	Ugh, so many fins &#8210; I hate flying this...	NA	NA	NA	1	NA	NA	NA	157	dwake	green	NA	NA
0	NA	NA	NA	dwake	NA	I really don&quotechart like ships with spikes, like this...	NA	NA	NA	1	NA	NA	NA	158	dwake	glab	NA	NA
0	NA	NA	NA	glab	NA	My first ship had the same shape as this...	NA	NA	NA	0	NA	NA	NA	159	glab	green	NA	NA
0	NA	NA	NA	dwake	NA	The more spikes, the better. My favorite one is this...	NA	NA	NA	0	NA	NA	NA	160	glab	dwake	NA	NA
0	NA	NA	NA	glab	NA	Humans think all of our ships look like rockets, like this...	NA	NA	NA	0	NA	NA	NA	161	glab	green	NA	NA
0	NA	NA	NA	NA	NA	NA	NA	[1, 0]	NA	NA	NA	NA	spiked	162	NA	NA	NA	tall
0	NA	NA	0	NA	NA	NA	NA	[1, 0]	0.83	NA	NA	NA	NA	163	NA	NA	NA	NA
0	NA	NA	NA	NA	0	NA	NA	[1, 0]	NA	NA	NA	0.83	NA	164	NA	NA	NA	NA
1	twawls	first	NA	NA	NA	NA	NA	NA	NA	NA	first	NA	NA	6	NA	NA	NA	NA
1	twawls	second	NA	NA	NA	NA	NA	NA	NA	NA	second	NA	NA	7	NA	NA	NA	NA
1	twawls	second	NA	NA	NA	NA	NA	NA	NA	NA	second	NA	NA	8	NA	NA	NA	NA
1	fict	first	NA	NA	NA	NA	NA	NA	NA	NA	first	NA	NA	9	NA	NA	NA	NA
1	twawls	first	NA	NA	NA	NA	NA	NA	NA	NA	first	NA	NA	10	NA	NA	NA	NA
1	twawls	first	NA	NA	NA	NA	NA	NA	NA	NA	first	NA	NA	11	NA	NA	NA	NA
1	fict	second	NA	NA	NA	NA	NA	NA	NA	NA	second	NA	NA	12	NA	NA	NA	NA
1	twawls	first	NA	NA	NA	NA	NA	NA	NA	NA	first	NA	NA	13	NA	NA	NA	NA
1	twawls	first	NA	NA	NA	NA	NA	NA	NA	NA	first	NA	NA	14	NA	NA	NA	NA
1	fict	first	NA	NA	NA	NA	NA	NA	NA	NA	first	NA	NA	15	NA	NA	NA	NA
1	fict	second	NA	NA	NA	NA	NA	NA	NA	NA	second	NA	NA	16	NA	NA	NA	NA
1	twawls	second	NA	NA	NA	NA	NA	NA	NA	NA	second	NA	NA	17	NA	NA	NA	NA
1	fict	first	NA	NA	NA	NA	NA	NA	NA	NA	first	NA	NA	18	NA	NA	NA	NA
1	twawls	second	NA	NA	NA	NA	NA	NA	NA	NA	first	NA	NA	19	NA	NA	NA	NA
1	fict	second	NA	NA	NA	NA	NA	NA	NA	NA	second	NA	NA	20	NA	NA	NA	NA
1	twawls	first	NA	NA	NA	NA	NA	NA	NA	NA	first	NA	NA	21	NA	NA	NA	NA
1	twawls	first	NA	NA	NA	NA	NA	NA	NA	NA	first	NA	NA	22	NA	NA	NA	NA
1	fict	second	NA	NA	NA	NA	NA	NA	NA	NA	second	NA	NA	23	NA	NA	NA	NA
1	twawls	first	NA	NA	NA	NA	NA	NA	NA	NA	first	NA	NA	24	NA	NA	NA	NA
1	twawls	second	NA	NA	NA	NA	NA	NA	NA	NA	second	NA	NA	25	NA	NA	NA	NA
1	twawls	first	NA	NA	NA	NA	NA	NA	NA	NA	first	NA	NA	26	NA	NA	NA	NA
1	fict	second	NA	NA	NA	NA	NA	NA	NA	NA	second	NA	NA	27	NA	NA	NA	NA
1	fict	second	NA	NA	NA	NA	NA	NA	NA	NA	second	NA	NA	28	NA	NA	NA	NA
1	twawls	first	NA	NA	NA	NA	NA	NA	NA	NA	first	NA	NA	29	NA	NA	NA	NA
1	twawls	first	NA	NA	NA	NA	NA	NA	NA	NA	first	NA	NA	30	NA	NA	NA	NA
1	fict	first	NA	NA	NA	NA	NA	NA	NA	NA	first	NA	NA	31	NA	NA	NA	NA
1	fict	first	NA	NA	NA	NA	NA	NA	NA	NA	first	NA	NA	32	NA	NA	NA	NA
1	fict	second	NA	NA	NA	NA	NA	NA	NA	NA	second	NA	NA	33	NA	NA	NA	NA
1	fict	first	NA	NA	NA	NA	NA	NA	NA	NA	first	NA	NA	34	NA	NA	NA	NA
1	twawls	second	NA	NA	NA	NA	NA	NA	NA	NA	second	NA	NA	35	NA	NA	NA	NA
1	fict	second	NA	NA	NA	NA	NA	NA	NA	NA	second	NA	NA	36	NA	NA	NA	NA
1	fict	first	NA	NA	NA	NA	NA	NA	NA	NA	first	NA	NA	37	NA	NA	NA	NA
1	twawls	second	NA	NA	NA	NA	NA	NA	NA	NA	second	NA	NA	38	NA	NA	NA	NA
1	twawls	first	NA	NA	NA	NA	NA	NA	NA	NA	first	NA	NA	39	NA	NA	NA	NA
1	fict	first	NA	NA	NA	NA	NA	NA	NA	NA	first	NA	NA	40	NA	NA	NA	NA
1	fict	first	NA	NA	NA	NA	NA	NA	NA	NA	first	NA	NA	41	NA	NA	NA	NA
1	fict	second	NA	NA	NA	NA	NA	NA	NA	NA	second	NA	NA	42	NA	NA	NA	NA
1	fict	first	NA	NA	NA	NA	NA	NA	NA	NA	first	NA	NA	43	NA	NA	NA	NA
1	twawls	second	NA	NA	NA	NA	NA	NA	NA	NA	second	NA	NA	44	NA	NA	NA	NA
1	fict	first	NA	NA	NA	NA	NA	NA	NA	NA	first	NA	NA	45	NA	NA	NA	NA
1	twawls	second	NA	NA	NA	NA	NA	NA	NA	NA	second	NA	NA	46	NA	NA	NA	NA
1	twawls	second	NA	NA	NA	NA	NA	NA	NA	NA	second	NA	NA	47	NA	NA	NA	NA
1	fict	first	NA	NA	NA	NA	NA	NA	NA	NA	first	NA	NA	48	NA	NA	NA	NA
1	fict	first	NA	NA	NA	NA	NA	NA	NA	NA	first	NA	NA	49	NA	NA	NA	NA
1	twawls	first	NA	NA	NA	NA	NA	NA	NA	NA	first	NA	NA	50	NA	NA	NA	NA
1	fict	second	NA	NA	NA	NA	NA	NA	NA	NA	second	NA	NA	51	NA	NA	NA	NA
1	twawls	second	NA	NA	NA	NA	NA	NA	NA	NA	second	NA	NA	52	NA	NA	NA	NA
1	fict	first	NA	NA	NA	NA	NA	NA	NA	NA	first	NA	NA	53	NA	NA	NA	NA
1	NA	NA	NA	NA	NA	NA	the red twawls spaceship 	NA	NA	NA	NA	NA	NA	55	NA	NA	correct	NA
1	NA	NA	NA	NA	NA	NA	the red twawls spaceship 	NA	NA	NA	NA	NA	NA	56	NA	NA	correct	NA
1	NA	NA	NA	NA	NA	NA	the blue spaceship  	NA	NA	NA	NA	NA	NA	57	NA	NA	correct	NA
1	NA	NA	NA	NA	NA	NA	the red fict spaceship 	NA	NA	NA	NA	NA	NA	58	NA	NA	correct	NA
1	NA	NA	NA	NA	NA	NA	the blue twawls spaceship 	NA	NA	NA	NA	NA	NA	59	NA	NA	correct	NA
1	NA	NA	NA	NA	NA	NA	the green fict spaceship 	NA	NA	NA	NA	NA	NA	60	NA	NA	correct	NA
1	NA	NA	NA	NA	NA	NA	the blue twawls spaceship 	NA	NA	NA	NA	NA	NA	61	NA	NA	correct	NA
1	NA	NA	NA	NA	NA	NA	the blue twawls fict spaceship	NA	NA	NA	NA	NA	NA	62	NA	NA	correct	NA
1	NA	NA	NA	NA	NA	NA	the green spaceship  	NA	NA	NA	NA	NA	NA	63	NA	NA	correct	NA
1	NA	NA	NA	NA	NA	NA	the green twawls spaceship 	NA	NA	NA	NA	NA	NA	64	NA	NA	correct	NA
1	NA	NA	NA	NA	NA	NA	the green fict spaceship 	NA	NA	NA	NA	NA	NA	65	NA	NA	correct	NA
1	NA	NA	NA	NA	NA	NA	the red twawls spaceship 	NA	NA	NA	NA	NA	NA	66	NA	NA	correct	NA
1	NA	NA	NA	NA	NA	NA	the red twawls spaceship 	NA	NA	NA	NA	NA	NA	67	NA	NA	correct	NA
1	NA	NA	NA	NA	NA	NA	the blue fict spaceship 	NA	NA	NA	NA	NA	NA	68	NA	NA	correct	NA
1	NA	NA	NA	NA	NA	NA	the green spaceship  	NA	NA	NA	NA	NA	NA	69	NA	NA	correct	NA
1	NA	NA	NA	NA	NA	NA	the blue twawls fict spaceship	NA	NA	NA	NA	NA	NA	70	NA	NA	correct	NA
1	NA	NA	NA	NA	NA	NA	the red fict twawls spaceship	NA	NA	NA	NA	NA	NA	71	NA	NA	correct	NA
1	NA	NA	NA	NA	NA	NA	the blue twawls spaceship 	NA	NA	NA	NA	NA	NA	72	NA	NA	correct	NA
1	NA	NA	NA	NA	NA	NA	the blue fict spaceship 	NA	NA	NA	NA	NA	NA	73	NA	NA	correct	NA
1	NA	NA	NA	NA	NA	NA	the blue twawls fict spaceship	NA	NA	NA	NA	NA	NA	74	NA	NA	correct	NA
1	NA	NA	NA	NA	NA	NA	the blue twawls fict spaceship	NA	NA	NA	NA	NA	NA	75	NA	NA	correct	NA
1	NA	NA	NA	NA	NA	NA	the green twawls fict spaceship	NA	NA	NA	NA	NA	NA	76	NA	NA	correct	NA
1	NA	NA	NA	NA	NA	NA	the red fict spaceship 	NA	NA	NA	NA	NA	NA	77	NA	NA	correct	NA
1	NA	NA	NA	NA	NA	NA	the red fict spaceship 	NA	NA	NA	NA	NA	NA	78	NA	NA	correct	NA
1	NA	NA	NA	NA	NA	NA	the blue fict spaceship 	NA	NA	NA	NA	NA	NA	79	NA	NA	correct	NA
1	NA	NA	NA	NA	NA	NA	the green fict spaceship 	NA	NA	NA	NA	NA	NA	80	NA	NA	correct	NA
1	NA	NA	NA	NA	NA	NA	the red spaceship	NA	NA	NA	NA	NA	NA	82	NA	NA	correct	NA
1	NA	NA	NA	NA	NA	NA	the blue spaceship	NA	NA	NA	NA	NA	NA	83	NA	NA	correct	NA
1	NA	NA	NA	NA	NA	NA	the blue twawls spaceship	NA	NA	NA	NA	NA	NA	84	NA	NA	correct	NA
1	NA	NA	NA	NA	NA	NA	the red twawls spaceship	NA	NA	NA	NA	NA	NA	85	NA	NA	correct	NA
1	NA	NA	NA	NA	NA	NA	the red fict spaceship	NA	NA	NA	NA	NA	NA	86	NA	NA	correct	NA
1	NA	NA	NA	NA	NA	NA	the blue twawls fict spaceship	NA	NA	NA	NA	NA	NA	87	NA	NA	correct	NA
1	NA	NA	NA	NA	NA	NA	the green spaceship	NA	NA	NA	NA	NA	NA	88	NA	NA	correct	NA
1	NA	NA	NA	NA	NA	NA	the blue twawls fict spaceship	NA	NA	NA	NA	NA	NA	89	NA	NA	correct	NA
1	NA	NA	NA	NA	NA	NA	the red twawls spaceship	NA	NA	NA	NA	NA	NA	90	NA	NA	correct	NA
1	NA	NA	NA	NA	NA	NA	the green spaceship	NA	NA	NA	NA	NA	NA	91	NA	NA	correct	NA
1	NA	NA	NA	NA	NA	NA	the green twawls spaceship	NA	NA	NA	NA	NA	NA	92	NA	NA	correct	NA
1	NA	NA	NA	NA	NA	NA	the blue fict spaceship	NA	NA	NA	NA	NA	NA	93	NA	NA	correct	NA
1	NA	NA	NA	NA	NA	NA	the green spaceship	NA	NA	NA	NA	NA	NA	94	NA	NA	correct	NA
1	NA	NA	NA	NA	NA	NA	the blue twawls spaceship	NA	NA	NA	NA	NA	NA	95	NA	NA	correct	NA
1	NA	NA	NA	NA	NA	NA	the red twawls spaceship	NA	NA	NA	NA	NA	NA	96	NA	NA	correct	NA
1	NA	NA	NA	NA	NA	NA	the blue fict spaceship	NA	NA	NA	NA	NA	NA	97	NA	NA	correct	NA
1	NA	NA	NA	NA	NA	NA	the green fict spaceship	NA	NA	NA	NA	NA	NA	98	NA	NA	correct	NA
1	NA	NA	NA	NA	NA	NA	the red twawls fict spaceship	NA	NA	NA	NA	NA	NA	99	NA	NA	correct	NA
1	NA	NA	NA	NA	NA	NA	the blue twawls spaceship	NA	NA	NA	NA	NA	NA	100	NA	NA	correct	NA
1	NA	NA	NA	NA	NA	NA	the blue fict twawls spaceship	NA	NA	NA	NA	NA	NA	101	NA	NA	correct	NA
1	NA	NA	NA	NA	NA	NA	the green fict spaceship	NA	NA	NA	NA	NA	NA	102	NA	NA	correct	NA
1	NA	NA	NA	NA	NA	NA	the blue fict twawls spaceship	NA	NA	NA	NA	NA	NA	103	NA	NA	correct	NA
1	NA	NA	NA	NA	NA	NA	the red fict spaceship	NA	NA	NA	NA	NA	NA	104	NA	NA	correct	NA
1	NA	NA	NA	NA	NA	NA	the green twawls spaceship	NA	NA	NA	NA	NA	NA	105	NA	NA	correct	NA
1	NA	NA	NA	NA	NA	NA	the red fict spaceship	NA	NA	NA	NA	NA	NA	106	NA	NA	correct	NA
1	NA	NA	NA	NA	NA	NA	the blue fict spaceship	NA	NA	NA	NA	NA	NA	107	NA	NA	correct	NA
1	NA	NA	NA	NA	NA	NA	the blue twawls spaceship	NA	NA	NA	NA	NA	NA	109	NA	NA	correct	NA
1	NA	NA	NA	NA	NA	NA	NA	NA	NA	0.81	NA	NA	NA	136	fict	blue	NA	NA
1	NA	NA	NA	NA	NA	NA	NA	NA	NA	0.21	NA	NA	NA	137	blue	twawls	NA	NA
1	NA	NA	NA	NA	NA	NA	NA	NA	NA	0.85	NA	NA	NA	138	twawls	small	NA	NA
1	NA	NA	NA	NA	NA	NA	NA	NA	NA	0.15	NA	NA	NA	139	twawls	fict	NA	NA
1	NA	NA	NA	NA	NA	NA	NA	NA	NA	0.87	NA	NA	NA	140	twawls	big	NA	NA
1	NA	NA	NA	NA	NA	NA	NA	NA	NA	0.83	NA	NA	NA	141	fict	small	NA	NA
1	NA	NA	NA	NA	NA	NA	NA	NA	NA	1	NA	NA	NA	142	blue	small	NA	NA
1	NA	NA	NA	NA	NA	NA	NA	NA	NA	1	NA	NA	NA	143	blue	big	NA	NA
1	NA	NA	NA	NA	NA	NA	NA	NA	NA	0.19	NA	NA	NA	144	green	fict	NA	NA
1	NA	NA	NA	NA	NA	NA	NA	NA	NA	0.91	NA	NA	NA	145	fict	red	NA	NA
1	NA	NA	NA	NA	NA	NA	NA	NA	NA	1	NA	NA	NA	146	fict	big	NA	NA
1	NA	NA	NA	NA	NA	NA	NA	NA	NA	0	NA	NA	NA	147	big	red	NA	NA
1	NA	NA	NA	NA	NA	NA	NA	NA	NA	0.89	NA	NA	NA	148	twawls	red	NA	NA
1	NA	NA	NA	NA	NA	NA	NA	NA	NA	0.11	NA	NA	NA	149	green	twawls	NA	NA
1	NA	NA	NA	twawls	NA	My first ship had the same shape as this...	NA	NA	NA	0	NA	NA	NA	151	red	twawls	NA	NA
1	NA	NA	NA	red	NA	What a nice color. I like flying this...	NA	NA	NA	0	NA	NA	NA	152	red	fict	NA	NA
1	NA	NA	NA	fict	NA	Wow, so many fins &#8210; I like this...	NA	NA	NA	0	NA	NA	NA	153	green	fict	NA	NA
1	NA	NA	NA	twawls	NA	For long distances, I use rockets. The best one is this...	NA	NA	NA	1	NA	NA	NA	154	twawls	blue	NA	NA
1	NA	NA	NA	fict	NA	I really don&quotechart like ships with spikes, like this...	NA	NA	NA	0	NA	NA	NA	155	fict	twawls	NA	NA
1	NA	NA	NA	fict	NA	The more spikes, the better. My favorite one is this...	NA	NA	NA	0	NA	NA	NA	156	fict	twawls	NA	NA
1	NA	NA	NA	NONE	NA	My friend used to fly this...	NA	NA	NA	0.97	NA	NA	NA	157	fict	green	NA	NA
1	NA	NA	NA	fict	NA	Ugh, so many fins &#8210; I hate flying this...	NA	NA	NA	1	NA	NA	NA	158	fict	red	NA	NA
1	NA	NA	NA	NONE	NA	On our planet, many aliens fly ships like this...	NA	NA	NA	1	NA	NA	NA	159	twawls	green	NA	NA
1	NA	NA	NA	twawls	NA	Humans think all of our ships look like rockets, like this...	NA	NA	NA	0	NA	NA	NA	160	red	twawls	NA	NA
1	NA	NA	NA	blue	NA	I like ships that have the same color as I have, like this...	NA	NA	NA	1	NA	NA	NA	161	twawls	blue	NA	NA
1	NA	NA	NA	NA	NA	NA	NA	[1, 0]	NA	NA	NA	NA	spikey	162	NA	NA	NA	tall
1	NA	NA	NA	NA	0.05	NA	NA	[1, 0]	NA	NA	NA	0.7	NA	163	NA	NA	NA	NA
1	NA	NA	0	NA	NA	NA	NA	[1, 0]	0.37	NA	NA	NA	NA	164	NA	NA	NA	NA
2	bamn	second	NA	NA	NA	NA	NA	NA	NA	NA	second	NA	NA	6	NA	NA	NA	NA
2	clou	second	NA	NA	NA	NA	NA	NA	NA	NA	second	NA	NA	7	NA	NA	NA	NA
2	clou	second	NA	NA	NA	NA	NA	NA	NA	NA	first	NA	NA	8	NA	NA	NA	NA
2	clou	second	NA	NA	NA	NA	NA	NA	NA	NA	second	NA	NA	9	NA	NA	NA	NA
2	bamn	first	NA	NA	NA	NA	NA	NA	NA	NA	second	NA	NA	10	NA	NA	NA	NA
2	clou	second	NA	NA	NA	NA	NA	NA	NA	NA	second	NA	NA	11	NA	NA	NA	NA
2	clou	first	NA	NA	NA	NA	NA	NA	NA	NA	first	NA	NA	12	NA	NA	NA	NA
2	bamn	first	NA	NA	NA	NA	NA	NA	NA	NA	first	NA	NA	13	NA	NA	NA	NA
2	bamn	first	NA	NA	NA	NA	NA	NA	NA	NA	first	NA	NA	14	NA	NA	NA	NA
2	bamn	first	NA	NA	NA	NA	NA	NA	NA	NA	first	NA	NA	15	NA	NA	NA	NA
2	bamn	first	NA	NA	NA	NA	NA	NA	NA	NA	first	NA	NA	16	NA	NA	NA	NA
2	clou	second	NA	NA	NA	NA	NA	NA	NA	NA	second	NA	NA	17	NA	NA	NA	NA
2	bamn	first	NA	NA	NA	NA	NA	NA	NA	NA	first	NA	NA	18	NA	NA	NA	NA
2	clou	second	NA	NA	NA	NA	NA	NA	NA	NA	second	NA	NA	19	NA	NA	NA	NA
2	clou	first	NA	NA	NA	NA	NA	NA	NA	NA	first	NA	NA	20	NA	NA	NA	NA
2	clou	second	NA	NA	NA	NA	NA	NA	NA	NA	second	NA	NA	21	NA	NA	NA	NA
2	bamn	second	NA	NA	NA	NA	NA	NA	NA	NA	second	NA	NA	22	NA	NA	NA	NA
2	bamn	first	NA	NA	NA	NA	NA	NA	NA	NA	first	NA	NA	23	NA	NA	NA	NA
2	clou	second	NA	NA	NA	NA	NA	NA	NA	NA	second	NA	NA	24	NA	NA	NA	NA
2	clou	first	NA	NA	NA	NA	NA	NA	NA	NA	first	NA	NA	25	NA	NA	NA	NA
2	bamn	second	NA	NA	NA	NA	NA	NA	NA	NA	second	NA	NA	26	NA	NA	NA	NA
2	bamn	second	NA	NA	NA	NA	NA	NA	NA	NA	second	NA	NA	27	NA	NA	NA	NA
2	bamn	second	NA	NA	NA	NA	NA	NA	NA	NA	second	NA	NA	28	NA	NA	NA	NA
2	clou	second	NA	NA	NA	NA	NA	NA	NA	NA	second	NA	NA	29	NA	NA	NA	NA
2	bamn	first	NA	NA	NA	NA	NA	NA	NA	NA	first	NA	NA	30	NA	NA	NA	NA
2	bamn	first	NA	NA	NA	NA	NA	NA	NA	NA	first	NA	NA	31	NA	NA	NA	NA
2	bamn	second	NA	NA	NA	NA	NA	NA	NA	NA	second	NA	NA	32	NA	NA	NA	NA
2	clou	first	NA	NA	NA	NA	NA	NA	NA	NA	first	NA	NA	33	NA	NA	NA	NA
2	clou	second	NA	NA	NA	NA	NA	NA	NA	NA	second	NA	NA	34	NA	NA	NA	NA
2	clou	second	NA	NA	NA	NA	NA	NA	NA	NA	second	NA	NA	35	NA	NA	NA	NA
2	bamn	first	NA	NA	NA	NA	NA	NA	NA	NA	first	NA	NA	36	NA	NA	NA	NA
2	bamn	first	NA	NA	NA	NA	NA	NA	NA	NA	first	NA	NA	37	NA	NA	NA	NA
2	clou	second	NA	NA	NA	NA	NA	NA	NA	NA	second	NA	NA	38	NA	NA	NA	NA
2	clou	second	NA	NA	NA	NA	NA	NA	NA	NA	second	NA	NA	39	NA	NA	NA	NA
2	bamn	second	NA	NA	NA	NA	NA	NA	NA	NA	second	NA	NA	40	NA	NA	NA	NA
2	clou	second	NA	NA	NA	NA	NA	NA	NA	NA	second	NA	NA	41	NA	NA	NA	NA
2	bamn	second	NA	NA	NA	NA	NA	NA	NA	NA	second	NA	NA	42	NA	NA	NA	NA
2	clou	first	NA	NA	NA	NA	NA	NA	NA	NA	first	NA	NA	43	NA	NA	NA	NA
2	bamn	second	NA	NA	NA	NA	NA	NA	NA	NA	second	NA	NA	44	NA	NA	NA	NA
2	clou	first	NA	NA	NA	NA	NA	NA	NA	NA	first	NA	NA	45	NA	NA	NA	NA
2	bamn	second	NA	NA	NA	NA	NA	NA	NA	NA	second	NA	NA	46	NA	NA	NA	NA
2	clou	first	NA	NA	NA	NA	NA	NA	NA	NA	first	NA	NA	47	NA	NA	NA	NA
2	clou	second	NA	NA	NA	NA	NA	NA	NA	NA	second	NA	NA	48	NA	NA	NA	NA
2	bamn	first	NA	NA	NA	NA	NA	NA	NA	NA	first	NA	NA	49	NA	NA	NA	NA
2	bamn	second	NA	NA	NA	NA	NA	NA	NA	NA	second	NA	NA	50	NA	NA	NA	NA
2	bamn	first	NA	NA	NA	NA	NA	NA	NA	NA	first	NA	NA	51	NA	NA	NA	NA
2	clou	second	NA	NA	NA	NA	NA	NA	NA	NA	second	NA	NA	52	NA	NA	NA	NA
2	clou	second	NA	NA	NA	NA	NA	NA	NA	NA	second	NA	NA	53	NA	NA	NA	NA
2	NA	NA	NA	NA	NA	NA	clou green the green clou	NA	NA	NA	NA	NA	NA	55	NA	NA	inconsistent	NA
2	NA	NA	NA	NA	NA	NA	the red spaceship  	NA	NA	NA	NA	NA	NA	56	NA	NA	correct	NA
2	NA	NA	NA	NA	NA	NA	the blue clou spaceship 	NA	NA	NA	NA	NA	NA	57	NA	NA	correct	NA
2	NA	NA	NA	NA	NA	NA	the blue clou bamn spaceship	NA	NA	NA	NA	NA	NA	58	NA	NA	correct	NA
2	NA	NA	NA	NA	NA	NA	the green clou spaceship 	NA	NA	NA	NA	NA	NA	59	NA	NA	correct	NA
2	NA	NA	NA	NA	NA	NA	the red clou bamn spaceship	NA	NA	NA	NA	NA	NA	60	NA	NA	correct	NA
2	NA	NA	NA	NA	NA	NA	the red clou bamn spaceship	NA	NA	NA	NA	NA	NA	61	NA	NA	correct	NA
2	NA	NA	NA	NA	NA	NA	the green bamn spaceship 	NA	NA	NA	NA	NA	NA	62	NA	NA	correct	NA
2	NA	NA	NA	NA	NA	NA	the green bamn spaceship 	NA	NA	NA	NA	NA	NA	63	NA	NA	underspecified	NA
2	NA	NA	NA	NA	NA	NA	the blue clou spaceship 	NA	NA	NA	NA	NA	NA	64	NA	NA	correct	NA
2	NA	NA	NA	NA	NA	NA	the blue clou spaceship 	NA	NA	NA	NA	NA	NA	65	NA	NA	correct	NA
2	NA	NA	NA	NA	NA	NA	the clou bamn red spaceship	NA	NA	NA	NA	NA	NA	66	NA	NA	inconsistent	NA
2	NA	NA	NA	NA	NA	NA	the green clou spaceship 	NA	NA	NA	NA	NA	NA	67	NA	NA	correct	NA
2	NA	NA	NA	NA	NA	NA	the green clou bamn spaceship	NA	NA	NA	NA	NA	NA	68	NA	NA	correct	NA
2	NA	NA	NA	NA	NA	NA	the blue clou bamn spaceship	NA	NA	NA	NA	NA	NA	69	NA	NA	inconsistent	NA
2	NA	NA	NA	NA	NA	NA	the blue clou bamn spaceship	NA	NA	NA	NA	NA	NA	70	NA	NA	correct	NA
2	NA	NA	NA	NA	NA	NA	the red clou bamn spaceship	NA	NA	NA	NA	NA	NA	71	NA	NA	correct	NA
2	NA	NA	NA	NA	NA	NA	the blue clou bamn spaceship	NA	NA	NA	NA	NA	NA	72	NA	NA	correct	NA
2	NA	NA	NA	NA	NA	NA	the green clou bamn spaceship	NA	NA	NA	NA	NA	NA	73	NA	NA	correct	NA
2	NA	NA	NA	NA	NA	NA	the red bamn spaceship 	NA	NA	NA	NA	NA	NA	74	NA	NA	correct	NA
2	NA	NA	NA	NA	NA	NA	the red clou bamn spaceship	NA	NA	NA	NA	NA	NA	75	NA	NA	correct	NA
2	NA	NA	NA	NA	NA	NA	the red clou bamn spaceship	NA	NA	NA	NA	NA	NA	76	NA	NA	correct	NA
2	NA	NA	NA	NA	NA	NA	the blue clou bamn spaceship	NA	NA	NA	NA	NA	NA	77	NA	NA	correct	NA
2	NA	NA	NA	NA	NA	NA	the green clou bamn spaceship	NA	NA	NA	NA	NA	NA	78	NA	NA	correct	NA
2	NA	NA	NA	NA	NA	NA	the blue clou bamn spaceship	NA	NA	NA	NA	NA	NA	79	NA	NA	correct	NA
2	NA	NA	NA	NA	NA	NA	the green clou spaceship 	NA	NA	NA	NA	NA	NA	80	NA	NA	correct	NA
2	NA	NA	NA	NA	NA	NA	The red spaceship	NA	NA	NA	NA	NA	NA	82	NA	NA	correct	NA
2	NA	NA	NA	NA	NA	NA	The green spaecship	NA	NA	NA	NA	NA	NA	83	NA	NA	correct	NA
2	NA	NA	NA	NA	NA	NA	The blue clou spaceship	NA	NA	NA	NA	NA	NA	84	NA	NA	correct	NA
2	NA	NA	NA	NA	NA	NA	The green bamn spaceship	NA	NA	NA	NA	NA	NA	85	NA	NA	correct	NA
2	NA	NA	NA	NA	NA	NA	The green clou spaceship	NA	NA	NA	NA	NA	NA	86	NA	NA	correct	NA
2	NA	NA	NA	NA	NA	NA	The red bamn spaceship	NA	NA	NA	NA	NA	NA	87	NA	NA	underspecified	NA
2	NA	NA	NA	NA	NA	NA	The green clou spaceship	NA	NA	NA	NA	NA	NA	88	NA	NA	correct	NA
2	NA	NA	NA	NA	NA	NA	The green bamn spaceship	NA	NA	NA	NA	NA	NA	89	NA	NA	correct	NA
2	NA	NA	NA	NA	NA	NA	The blue clou bamn spaceship	NA	NA	NA	NA	NA	NA	90	NA	NA	correct	NA
2	NA	NA	NA	NA	NA	NA	The green clou spaceship	NA	NA	NA	NA	NA	NA	91	NA	NA	correct	NA
2	NA	NA	NA	NA	NA	NA	The red bamn spaceship	NA	NA	NA	NA	NA	NA	92	NA	NA	correct	NA
2	NA	NA	NA	NA	NA	NA	The green clou bamn spaceship	NA	NA	NA	NA	NA	NA	93	NA	NA	correct	NA
2	NA	NA	NA	NA	NA	NA	The green bamn spaceship	NA	NA	NA	NA	NA	NA	94	NA	NA	correct	NA
2	NA	NA	NA	NA	NA	NA	The blue clou bamn spaceship	NA	NA	NA	NA	NA	NA	95	NA	NA	correct	NA
2	NA	NA	NA	NA	NA	NA	The blue spaceship	NA	NA	NA	NA	NA	NA	96	NA	NA	correct	NA
2	NA	NA	NA	NA	NA	NA	he blue bamn spaceship	NA	NA	NA	NA	NA	NA	97	NA	NA	correct	NA
2	NA	NA	NA	NA	NA	NA	The red clou bamn spaceship	NA	NA	NA	NA	NA	NA	98	NA	NA	correct	NA
2	NA	NA	NA	NA	NA	NA	The blue clou bamn spaceship	NA	NA	NA	NA	NA	NA	99	NA	NA	correct	NA
2	NA	NA	NA	NA	NA	NA	The red clou bamn spaceship	NA	NA	NA	NA	NA	NA	100	NA	NA	correct	NA
2	NA	NA	NA	NA	NA	NA	The red bamn spaceship	NA	NA	NA	NA	NA	NA	101	NA	NA	correct	NA
2	NA	NA	NA	NA	NA	NA	The red bamn spaceship	NA	NA	NA	NA	NA	NA	102	NA	NA	underspecified	NA
2	NA	NA	NA	NA	NA	NA	The blue clou bamn spaceship	NA	NA	NA	NA	NA	NA	103	NA	NA	correct	NA
2	NA	NA	NA	NA	NA	NA	The green clou bman spaceship	NA	NA	NA	NA	NA	NA	104	NA	NA	underspecified	NA
2	NA	NA	NA	NA	NA	NA	The red spaceship	NA	NA	NA	NA	NA	NA	105	NA	NA	correct	NA
2	NA	NA	NA	NA	NA	NA	The blue spaceship	NA	NA	NA	NA	NA	NA	106	NA	NA	correct	NA
2	NA	NA	NA	NA	NA	NA	The blue clou spaceship	NA	NA	NA	NA	NA	NA	107	NA	NA	correct	NA
2	NA	NA	NA	NA	NA	NA	The green spaceship	NA	NA	NA	NA	NA	NA	109	NA	NA	correct	NA
2	NA	NA	NA	NA	NA	NA	NA	NA	NA	1	NA	NA	NA	136	clou	red	NA	NA
2	NA	NA	NA	NA	NA	NA	NA	NA	NA	0	NA	NA	NA	137	small	clou	NA	NA
2	NA	NA	NA	NA	NA	NA	NA	NA	NA	0	NA	NA	NA	138	blue	clou	NA	NA
2	NA	NA	NA	NA	NA	NA	NA	NA	NA	0	NA	NA	NA	139	green	clou	NA	NA
2	NA	NA	NA	NA	NA	NA	NA	NA	NA	1	NA	NA	NA	140	bamn	red	NA	NA
2	NA	NA	NA	NA	NA	NA	NA	NA	NA	0	NA	NA	NA	141	green	small	NA	NA
2	NA	NA	NA	NA	NA	NA	NA	NA	NA	0	NA	NA	NA	142	blue	bamn	NA	NA
2	NA	NA	NA	NA	NA	NA	NA	NA	NA	0	NA	NA	NA	143	green	big	NA	NA
2	NA	NA	NA	NA	NA	NA	NA	NA	NA	0	NA	NA	NA	144	clou	bamn	NA	NA
2	NA	NA	NA	NA	NA	NA	NA	NA	NA	1	NA	NA	NA	145	small	blue	NA	NA
2	NA	NA	NA	NA	NA	NA	NA	NA	NA	0	NA	NA	NA	146	small	bamn	NA	NA
2	NA	NA	NA	NA	NA	NA	NA	NA	NA	0	NA	NA	NA	147	big	bamn	NA	NA
2	NA	NA	NA	NA	NA	NA	NA	NA	NA	1	NA	NA	NA	148	bamn	green	NA	NA
2	NA	NA	NA	NA	NA	NA	NA	NA	NA	0	NA	NA	NA	149	clou	big	NA	NA
2	NA	NA	NA	clou	NA	For long distances, I use rockets. The best one is this...	NA	NA	NA	0	NA	NA	NA	151	red	clou	NA	NA
2	NA	NA	NA	green	NA	I like ships that have the same color as I have, like this...	NA	NA	NA	1	NA	NA	NA	152	clou	green	NA	NA
2	NA	NA	NA	bamn	NA	The more spikes, the better. My favorite one is this...	NA	NA	NA	0	NA	NA	NA	153	clou	bamn	NA	NA
2	NA	NA	NA	clou	NA	My first ship had the same shape as this...	NA	NA	NA	0	NA	NA	NA	154	blue	clou	NA	NA
2	NA	NA	NA	bamn	NA	Ugh, so many fins &#8210; I hate flying this...	NA	NA	NA	0	NA	NA	NA	155	blue	bamn	NA	NA
2	NA	NA	NA	bamn	NA	I really don&quotechart like ships with spikes, like this...	NA	NA	NA	1	NA	NA	NA	156	bamn	clou	NA	NA
2	NA	NA	NA	NONE	NA	On our planet, many aliens fly ships like this...	NA	NA	NA	1	NA	NA	NA	157	clou	blue	NA	NA
2	NA	NA	NA	NONE	NA	My friend used to fly this...	NA	NA	NA	1	NA	NA	NA	158	bamn	red	NA	NA
2	NA	NA	NA	blue	NA	What a nice color. I like flying this...	NA	NA	NA	0	NA	NA	NA	159	blue	bamn	NA	NA
2	NA	NA	NA	bamn	NA	Wow, so many fins &#8210; I like this...	NA	NA	NA	1	NA	NA	NA	160	bamn	blue	NA	NA
2	NA	NA	NA	clou	NA	Humans think all of our ships look like rockets, like this...	NA	NA	NA	1	NA	NA	NA	161	clou	blue	NA	NA
2	NA	NA	NA	NA	NA	NA	NA	[0, 1]	NA	NA	NA	NA	spikes	162	NA	NA	NA	3 dots
2	NA	NA	NA	NA	0	NA	NA	[0, 1]	NA	NA	NA	0	NA	163	NA	NA	NA	NA
2	NA	NA	0	NA	NA	NA	NA	[0, 1]	0.75	NA	NA	NA	NA	164	NA	NA	NA	NA
3	hafs	first	NA	NA	NA	NA	NA	NA	NA	NA	first	NA	NA	6	NA	NA	NA	NA
3	plach	second	NA	NA	NA	NA	NA	NA	NA	NA	second	NA	NA	7	NA	NA	NA	NA
3	hafs	first	NA	NA	NA	NA	NA	NA	NA	NA	first	NA	NA	8	NA	NA	NA	NA
3	hafs	second	NA	NA	NA	NA	NA	NA	NA	NA	second	NA	NA	9	NA	NA	NA	NA
3	plach	first	NA	NA	NA	NA	NA	NA	NA	NA	first	NA	NA	10	NA	NA	NA	NA
3	plach	first	NA	NA	NA	NA	NA	NA	NA	NA	first	NA	NA	11	NA	NA	NA	NA
3	hafs	first	NA	NA	NA	NA	NA	NA	NA	NA	first	NA	NA	12	NA	NA	NA	NA
3	plach	first	NA	NA	NA	NA	NA	NA	NA	NA	first	NA	NA	13	NA	NA	NA	NA
3	hafs	second	NA	NA	NA	NA	NA	NA	NA	NA	second	NA	NA	14	NA	NA	NA	NA
3	hafs	second	NA	NA	NA	NA	NA	NA	NA	NA	second	NA	NA	15	NA	NA	NA	NA
3	hafs	first	NA	NA	NA	NA	NA	NA	NA	NA	first	NA	NA	16	NA	NA	NA	NA
3	hafs	second	NA	NA	NA	NA	NA	NA	NA	NA	second	NA	NA	17	NA	NA	NA	NA
3	plach	second	NA	NA	NA	NA	NA	NA	NA	NA	second	NA	NA	18	NA	NA	NA	NA
3	plach	second	NA	NA	NA	NA	NA	NA	NA	NA	second	NA	NA	19	NA	NA	NA	NA
3	plach	second	NA	NA	NA	NA	NA	NA	NA	NA	second	NA	NA	20	NA	NA	NA	NA
3	hafs	second	NA	NA	NA	NA	NA	NA	NA	NA	second	NA	NA	21	NA	NA	NA	NA
3	hafs	second	NA	NA	NA	NA	NA	NA	NA	NA	second	NA	NA	22	NA	NA	NA	NA
3	hafs	second	NA	NA	NA	NA	NA	NA	NA	NA	second	NA	NA	23	NA	NA	NA	NA
3	hafs	second	NA	NA	NA	NA	NA	NA	NA	NA	second	NA	NA	24	NA	NA	NA	NA
3	plach	first	NA	NA	NA	NA	NA	NA	NA	NA	first	NA	NA	25	NA	NA	NA	NA
3	hafs	first	NA	NA	NA	NA	NA	NA	NA	NA	first	NA	NA	26	NA	NA	NA	NA
3	plach	first	NA	NA	NA	NA	NA	NA	NA	NA	first	NA	NA	27	NA	NA	NA	NA
3	plach	first	NA	NA	NA	NA	NA	NA	NA	NA	first	NA	NA	28	NA	NA	NA	NA
3	hafs	first	NA	NA	NA	NA	NA	NA	NA	NA	first	NA	NA	29	NA	NA	NA	NA
3	plach	second	NA	NA	NA	NA	NA	NA	NA	NA	second	NA	NA	30	NA	NA	NA	NA
3	hafs	first	NA	NA	NA	NA	NA	NA	NA	NA	first	NA	NA	31	NA	NA	NA	NA
3	hafs	first	NA	NA	NA	NA	NA	NA	NA	NA	first	NA	NA	32	NA	NA	NA	NA
3	hafs	first	NA	NA	NA	NA	NA	NA	NA	NA	first	NA	NA	33	NA	NA	NA	NA
3	plach	first	NA	NA	NA	NA	NA	NA	NA	NA	first	NA	NA	34	NA	NA	NA	NA
3	plach	first	NA	NA	NA	NA	NA	NA	NA	NA	first	NA	NA	35	NA	NA	NA	NA
3	plach	second	NA	NA	NA	NA	NA	NA	NA	NA	second	NA	NA	36	NA	NA	NA	NA
3	hafs	second	NA	NA	NA	NA	NA	NA	NA	NA	second	NA	NA	37	NA	NA	NA	NA
3	plach	second	NA	NA	NA	NA	NA	NA	NA	NA	second	NA	NA	38	NA	NA	NA	NA
3	hafs	second	NA	NA	NA	NA	NA	NA	NA	NA	second	NA	NA	39	NA	NA	NA	NA
3	plach	second	NA	NA	NA	NA	NA	NA	NA	NA	second	NA	NA	40	NA	NA	NA	NA
3	plach	second	NA	NA	NA	NA	NA	NA	NA	NA	second	NA	NA	41	NA	NA	NA	NA
3	hafs	first	NA	NA	NA	NA	NA	NA	NA	NA	first	NA	NA	42	NA	NA	NA	NA
3	plach	first	NA	NA	NA	NA	NA	NA	NA	NA	first	NA	NA	43	NA	NA	NA	NA
3	plach	second	NA	NA	NA	NA	NA	NA	NA	NA	second	NA	NA	44	NA	NA	NA	NA
3	hafs	first	NA	NA	NA	NA	NA	NA	NA	NA	first	NA	NA	45	NA	NA	NA	NA
3	plach	second	NA	NA	NA	NA	NA	NA	NA	NA	second	NA	NA	46	NA	NA	NA	NA
3	hafs	second	NA	NA	NA	NA	NA	NA	NA	NA	second	NA	NA	47	NA	NA	NA	NA
3	plach	first	NA	NA	NA	NA	NA	NA	NA	NA	first	NA	NA	48	NA	NA	NA	NA
3	plach	first	NA	NA	NA	NA	NA	NA	NA	NA	first	NA	NA	49	NA	NA	NA	NA
3	hafs	first	NA	NA	NA	NA	NA	NA	NA	NA	first	NA	NA	50	NA	NA	NA	NA
3	hafs	second	NA	NA	NA	NA	NA	NA	NA	NA	second	NA	NA	51	NA	NA	NA	NA
3	plach	first	NA	NA	NA	NA	NA	NA	NA	NA	first	NA	NA	52	NA	NA	NA	NA
3	plach	second	NA	NA	NA	NA	NA	NA	NA	NA	second	NA	NA	53	NA	NA	NA	NA
3	NA	NA	NA	NA	NA	NA	the green spaceship  	NA	NA	NA	NA	NA	NA	55	NA	NA	correct	NA
3	NA	NA	NA	NA	NA	NA	the red spaceship  	NA	NA	NA	NA	NA	NA	56	NA	NA	correct	NA
3	NA	NA	NA	NA	NA	NA	the blue plach spaceship 	NA	NA	NA	NA	NA	NA	57	NA	NA	correct	NA
3	NA	NA	NA	NA	NA	NA	the green plach spaceship 	NA	NA	NA	NA	NA	NA	58	NA	NA	correct	NA
3	NA	NA	NA	NA	NA	NA	the red plach hafs spaceship	NA	NA	NA	NA	NA	NA	59	NA	NA	correct	NA
3	NA	NA	NA	NA	NA	NA	the blue hafs spaceship 	NA	NA	NA	NA	NA	NA	60	NA	NA	correct	NA
3	NA	NA	NA	NA	NA	NA	the green plach spaceship 	NA	NA	NA	NA	NA	NA	61	NA	NA	correct	NA
3	NA	NA	NA	NA	NA	NA	the red spaceship  	NA	NA	NA	NA	NA	NA	62	NA	NA	correct	NA
3	NA	NA	NA	NA	NA	NA	the red plach spaceship 	NA	NA	NA	NA	NA	NA	63	NA	NA	correct	NA
3	NA	NA	NA	NA	NA	NA	the red plach hafs spaceship	NA	NA	NA	NA	NA	NA	64	NA	NA	correct	NA
3	NA	NA	NA	NA	NA	NA	the blue plach hafs spaceship	NA	NA	NA	NA	NA	NA	65	NA	NA	correct	NA
3	NA	NA	NA	NA	NA	NA	the blue plach hafs spaceship	NA	NA	NA	NA	NA	NA	66	NA	NA	correct	NA
3	NA	NA	NA	NA	NA	NA	the blue plach hafs spaceship	NA	NA	NA	NA	NA	NA	67	NA	NA	correct	NA
3	NA	NA	NA	NA	NA	NA	the red plach hafs spaceship	NA	NA	NA	NA	NA	NA	68	NA	NA	correct	NA
3	NA	NA	NA	NA	NA	NA	the green plach spaceship 	NA	NA	NA	NA	NA	NA	69	NA	NA	correct	NA
3	NA	NA	NA	NA	NA	NA	the red plach spaceship 	NA	NA	NA	NA	NA	NA	70	NA	NA	correct	NA
3	NA	NA	NA	NA	NA	NA	the hafs spaceship  	NA	NA	NA	NA	NA	NA	71	NA	NA	correct	NA
3	NA	NA	NA	NA	NA	NA	the blue hafs spaceship 	NA	NA	NA	NA	NA	NA	72	NA	NA	correct	NA
3	NA	NA	NA	NA	NA	NA	the blue plach hafs spaceship	NA	NA	NA	NA	NA	NA	73	NA	NA	correct	NA
3	NA	NA	NA	NA	NA	NA	the blue spaceship  	NA	NA	NA	NA	NA	NA	74	NA	NA	correct	NA
3	NA	NA	NA	NA	NA	NA	the red plach hafs spaceship	NA	NA	NA	NA	NA	NA	75	NA	NA	correct	NA
3	NA	NA	NA	NA	NA	NA	the green hafs spaceship 	NA	NA	NA	NA	NA	NA	76	NA	NA	correct	NA
3	NA	NA	NA	NA	NA	NA	the red hafs spaceship 	NA	NA	NA	NA	NA	NA	77	NA	NA	correct	NA
3	NA	NA	NA	NA	NA	NA	the green plach hafs spaceship	NA	NA	NA	NA	NA	NA	78	NA	NA	correct	NA
3	NA	NA	NA	NA	NA	NA	the blue plach hafs spaceship	NA	NA	NA	NA	NA	NA	79	NA	NA	correct	NA
3	NA	NA	NA	NA	NA	NA	the green plach hafs spaceship	NA	NA	NA	NA	NA	NA	80	NA	NA	correct	NA
3	NA	NA	NA	NA	NA	NA	the green plach spaceship	NA	NA	NA	NA	NA	NA	82	NA	NA	correct	NA
3	NA	NA	NA	NA	NA	NA	the green spaceship	NA	NA	NA	NA	NA	NA	83	NA	NA	correct	NA
3	NA	NA	NA	NA	NA	NA	the blue hafs spaceship	NA	NA	NA	NA	NA	NA	84	NA	NA	correct	NA
3	NA	NA	NA	NA	NA	NA	the blue plach spaceship	NA	NA	NA	NA	NA	NA	85	NA	NA	correct	NA
3	NA	NA	NA	NA	NA	NA	the red spaceship	NA	NA	NA	NA	NA	NA	86	NA	NA	correct	NA
3	NA	NA	NA	NA	NA	NA	the red plach hafs spaceship	NA	NA	NA	NA	NA	NA	87	NA	NA	correct	NA
3	NA	NA	NA	NA	NA	NA	the blue plach hafs spaceship	NA	NA	NA	NA	NA	NA	88	NA	NA	correct	NA
3	NA	NA	NA	NA	NA	NA	the red plach hafs spaceship	NA	NA	NA	NA	NA	NA	89	NA	NA	correct	NA
3	NA	NA	NA	NA	NA	NA	the blue hafs spaceship	NA	NA	NA	NA	NA	NA	90	NA	NA	correct	NA
3	NA	NA	NA	NA	NA	NA	the blue plach hafs spaceship	NA	NA	NA	NA	NA	NA	91	NA	NA	correct	NA
3	NA	NA	NA	NA	NA	NA	the red hafs spaceship	NA	NA	NA	NA	NA	NA	92	NA	NA	correct	NA
3	NA	NA	NA	NA	NA	NA	the blue spaceship	NA	NA	NA	NA	NA	NA	93	NA	NA	correct	NA
3	NA	NA	NA	NA	NA	NA	the red plach spaceship	NA	NA	NA	NA	NA	NA	94	NA	NA	correct	NA
3	NA	NA	NA	NA	NA	NA	the blue plach hafs spaceship	NA	NA	NA	NA	NA	NA	95	NA	NA	correct	NA
3	NA	NA	NA	NA	NA	NA	the blue plach hafs spaceship	NA	NA	NA	NA	NA	NA	96	NA	NA	correct	NA
3	NA	NA	NA	NA	NA	NA	the green plach spaceship	NA	NA	NA	NA	NA	NA	97	NA	NA	correct	NA
3	NA	NA	NA	NA	NA	NA	the red hafs spaceships	NA	NA	NA	NA	NA	NA	98	NA	NA	correct	NA
3	NA	NA	NA	NA	NA	NA	the red plach hafs spaceship	NA	NA	NA	NA	NA	NA	99	NA	NA	correct	NA
3	NA	NA	NA	NA	NA	NA	the green hafs spaceship	NA	NA	NA	NA	NA	NA	100	NA	NA	correct	NA
3	NA	NA	NA	NA	NA	NA	the green hafs spaceship	NA	NA	NA	NA	NA	NA	101	NA	NA	correct	NA
3	NA	NA	NA	NA	NA	NA	the green plach hafs spaceship	NA	NA	NA	NA	NA	NA	102	NA	NA	correct	NA
3	NA	NA	NA	NA	NA	NA	the blue hafs spaceship	NA	NA	NA	NA	NA	NA	103	NA	NA	correct	NA
3	NA	NA	NA	NA	NA	NA	skip	NA	NA	NA	NA	NA	NA	104	NA	NA	underspecified	NA
3	NA	NA	NA	NA	NA	NA	the red spaceship	NA	NA	NA	NA	NA	NA	105	NA	NA	correct	NA
3	NA	NA	NA	NA	NA	NA	the red plach spaceship	NA	NA	NA	NA	NA	NA	106	NA	NA	correct	NA
3	NA	NA	NA	NA	NA	NA	the green hafs spaceship	NA	NA	NA	NA	NA	NA	107	NA	NA	correct	NA
3	NA	NA	NA	NA	NA	NA	the red spaceship	NA	NA	NA	NA	NA	NA	109	NA	NA	correct	NA
3	NA	NA	NA	NA	NA	NA	NA	NA	NA	0	NA	NA	NA	136	red	hafs	NA	NA
3	NA	NA	NA	NA	NA	NA	NA	NA	NA	0	NA	NA	NA	137	big	plach	NA	NA
3	NA	NA	NA	NA	NA	NA	NA	NA	NA	1	NA	NA	NA	138	red	big	NA	NA
3	NA	NA	NA	NA	NA	NA	NA	NA	NA	0	NA	NA	NA	139	green	hafs	NA	NA
3	NA	NA	NA	NA	NA	NA	NA	NA	NA	0	NA	NA	NA	140	green	plach	NA	NA
3	NA	NA	NA	NA	NA	NA	NA	NA	NA	1	NA	NA	NA	141	plach	red	NA	NA
3	NA	NA	NA	NA	NA	NA	NA	NA	NA	0	NA	NA	NA	142	small	plach	NA	NA
3	NA	NA	NA	NA	NA	NA	NA	NA	NA	0	NA	NA	NA	143	blue	hafs	NA	NA
3	NA	NA	NA	NA	NA	NA	NA	NA	NA	1	NA	NA	NA	144	blue	big	NA	NA
3	NA	NA	NA	NA	NA	NA	NA	NA	NA	1	NA	NA	NA	145	red	big	NA	NA
3	NA	NA	NA	NA	NA	NA	NA	NA	NA	1	NA	NA	NA	146	hafs	small	NA	NA
3	NA	NA	NA	NA	NA	NA	NA	NA	NA	1	NA	NA	NA	147	plach	blue	NA	NA
3	NA	NA	NA	NA	NA	NA	NA	NA	NA	0.98	NA	NA	NA	148	hafs	plach	NA	NA
3	NA	NA	NA	NA	NA	NA	NA	NA	NA	1	NA	NA	NA	149	hafs	big	NA	NA
3	NA	NA	NA	hafs	NA	Ugh, no fins &#8210; I hate flying this...	NA	NA	NA	0	NA	NA	NA	151	green	hafs	NA	NA
3	NA	NA	NA	plach	NA	Humans think all of our ships look like rockets, like this...	NA	NA	NA	0	NA	NA	NA	152	green	plach	NA	NA
3	NA	NA	NA	hafs	NA	The fewer spikes, the better. My favorite one is this...	NA	NA	NA	0	NA	NA	NA	153	plach	hafs	NA	NA
3	NA	NA	NA	hafs	NA	I really don&quotechart like ships without spikes, like this...	NA	NA	NA	0	NA	NA	NA	154	plach	hafs	NA	NA
3	NA	NA	NA	NONE	NA	My friend used to fly this...	NA	NA	NA	1	NA	NA	NA	155	hafs	blue	NA	NA
3	NA	NA	NA	red	NA	What a nice color. I like flying this...	NA	NA	NA	1	NA	NA	NA	156	hafs	red	NA	NA
3	NA	NA	NA	blue	NA	I like ships that have the same color as I have, like this...	NA	NA	NA	0	NA	NA	NA	157	blue	plach	NA	NA
3	NA	NA	NA	NONE	NA	On our planet, many aliens fly ships like this...	NA	NA	NA	0	NA	NA	NA	158	blue	plach	NA	NA
3	NA	NA	NA	hafs	NA	Wow, no fins &#8210; I like this...	NA	NA	NA	1	NA	NA	NA	159	hafs	green	NA	NA
3	NA	NA	NA	plach	NA	My first ship had the same shape as this...	NA	NA	NA	1	NA	NA	NA	160	plach	green	NA	NA
3	NA	NA	NA	plach	NA	For long distances, I use rockets. The best one is this...	NA	NA	NA	0	NA	NA	NA	161	blue	plach	NA	NA
3	NA	NA	NA	NA	0	NA	NA	[1, 0]	NA	NA	NA	0	NA	162	NA	NA	NA	NA
3	NA	NA	0	NA	NA	NA	NA	[1, 0]	0.16	NA	NA	NA	NA	163	NA	NA	NA	NA
3	NA	NA	NA	NA	NA	NA	NA	[1, 0]	NA	NA	NA	NA	smooth or plain	164	NA	NA	NA	oval
4	brame	first	NA	NA	NA	NA	NA	NA	NA	NA	first	NA	NA	6	NA	NA	NA	NA
4	scorcs	second	NA	NA	NA	NA	NA	NA	NA	NA	second	NA	NA	7	NA	NA	NA	NA
4	brame	first	NA	NA	NA	NA	NA	NA	NA	NA	first	NA	NA	8	NA	NA	NA	NA
4	brame	first	NA	NA	NA	NA	NA	NA	NA	NA	first	NA	NA	9	NA	NA	NA	NA
4	scorcs	second	NA	NA	NA	NA	NA	NA	NA	NA	second	NA	NA	10	NA	NA	NA	NA
4	brame	first	NA	NA	NA	NA	NA	NA	NA	NA	first	NA	NA	11	NA	NA	NA	NA
4	scorcs	second	NA	NA	NA	NA	NA	NA	NA	NA	second	NA	NA	12	NA	NA	NA	NA
4	brame	first	NA	NA	NA	NA	NA	NA	NA	NA	first	NA	NA	13	NA	NA	NA	NA
4	brame	second	NA	NA	NA	NA	NA	NA	NA	NA	second	NA	NA	14	NA	NA	NA	NA
4	brame	first	NA	NA	NA	NA	NA	NA	NA	NA	first	NA	NA	15	NA	NA	NA	NA
4	brame	second	NA	NA	NA	NA	NA	NA	NA	NA	second	NA	NA	16	NA	NA	NA	NA
4	brame	first	NA	NA	NA	NA	NA	NA	NA	NA	first	NA	NA	17	NA	NA	NA	NA
4	scorcs	first	NA	NA	NA	NA	NA	NA	NA	NA	first	NA	NA	18	NA	NA	NA	NA
4	brame	first	NA	NA	NA	NA	NA	NA	NA	NA	first	NA	NA	19	NA	NA	NA	NA
4	brame	second	NA	NA	NA	NA	NA	NA	NA	NA	second	NA	NA	20	NA	NA	NA	NA
4	brame	first	NA	NA	NA	NA	NA	NA	NA	NA	first	NA	NA	21	NA	NA	NA	NA
4	scorcs	second	NA	NA	NA	NA	NA	NA	NA	NA	second	NA	NA	22	NA	NA	NA	NA
4	scorcs	first	NA	NA	NA	NA	NA	NA	NA	NA	first	NA	NA	23	NA	NA	NA	NA
4	brame	first	NA	NA	NA	NA	NA	NA	NA	NA	first	NA	NA	24	NA	NA	NA	NA
4	scorcs	first	NA	NA	NA	NA	NA	NA	NA	NA	first	NA	NA	25	NA	NA	NA	NA
4	scorcs	second	NA	NA	NA	NA	NA	NA	NA	NA	second	NA	NA	26	NA	NA	NA	NA
4	scorcs	second	NA	NA	NA	NA	NA	NA	NA	NA	second	NA	NA	27	NA	NA	NA	NA
4	scorcs	first	NA	NA	NA	NA	NA	NA	NA	NA	first	NA	NA	28	NA	NA	NA	NA
4	scorcs	first	NA	NA	NA	NA	NA	NA	NA	NA	first	NA	NA	29	NA	NA	NA	NA
4	brame	first	NA	NA	NA	NA	NA	NA	NA	NA	first	NA	NA	30	NA	NA	NA	NA
4	scorcs	first	NA	NA	NA	NA	NA	NA	NA	NA	first	NA	NA	31	NA	NA	NA	NA
4	scorcs	first	NA	NA	NA	NA	NA	NA	NA	NA	first	NA	NA	32	NA	NA	NA	NA
4	brame	second	NA	NA	NA	NA	NA	NA	NA	NA	second	NA	NA	33	NA	NA	NA	NA
4	scorcs	second	NA	NA	NA	NA	NA	NA	NA	NA	second	NA	NA	34	NA	NA	NA	NA
4	brame	first	NA	NA	NA	NA	NA	NA	NA	NA	first	NA	NA	35	NA	NA	NA	NA
4	brame	second	NA	NA	NA	NA	NA	NA	NA	NA	second	NA	NA	36	NA	NA	NA	NA
4	scorcs	second	NA	NA	NA	NA	NA	NA	NA	NA	second	NA	NA	37	NA	NA	NA	NA
4	scorcs	second	NA	NA	NA	NA	NA	NA	NA	NA	second	NA	NA	38	NA	NA	NA	NA
4	scorcs	second	NA	NA	NA	NA	NA	NA	NA	NA	second	NA	NA	39	NA	NA	NA	NA
4	scorcs	second	NA	NA	NA	NA	NA	NA	NA	NA	second	NA	NA	40	NA	NA	NA	NA
4	brame	second	NA	NA	NA	NA	NA	NA	NA	NA	second	NA	NA	41	NA	NA	NA	NA
4	brame	first	NA	NA	NA	NA	NA	NA	NA	NA	first	NA	NA	42	NA	NA	NA	NA
4	scorcs	first	NA	NA	NA	NA	NA	NA	NA	NA	first	NA	NA	43	NA	NA	NA	NA
4	scorcs	second	NA	NA	NA	NA	NA	NA	NA	NA	second	NA	NA	44	NA	NA	NA	NA
4	scorcs	first	NA	NA	NA	NA	NA	NA	NA	NA	first	NA	NA	45	NA	NA	NA	NA
4	brame	first	NA	NA	NA	NA	NA	NA	NA	NA	first	NA	NA	46	NA	NA	NA	NA
4	scorcs	first	NA	NA	NA	NA	NA	NA	NA	NA	first	NA	NA	47	NA	NA	NA	NA
4	brame	first	NA	NA	NA	NA	NA	NA	NA	NA	first	NA	NA	48	NA	NA	NA	NA
4	scorcs	second	NA	NA	NA	NA	NA	NA	NA	NA	second	NA	NA	49	NA	NA	NA	NA
4	brame	first	NA	NA	NA	NA	NA	NA	NA	NA	first	NA	NA	50	NA	NA	NA	NA
4	brame	second	NA	NA	NA	NA	NA	NA	NA	NA	second	NA	NA	51	NA	NA	NA	NA
4	scorcs	second	NA	NA	NA	NA	NA	NA	NA	NA	second	NA	NA	52	NA	NA	NA	NA
4	brame	second	NA	NA	NA	NA	NA	NA	NA	NA	second	NA	NA	53	NA	NA	NA	NA
4	NA	NA	NA	NA	NA	NA	brame red   	NA	NA	NA	NA	NA	NA	55	NA	NA	correct	NA
4	NA	NA	NA	NA	NA	NA	green    	NA	NA	NA	NA	NA	NA	56	NA	NA	correct	NA
4	NA	NA	NA	NA	NA	NA	scorcs brame   	NA	NA	NA	NA	NA	NA	57	NA	NA	correct	NA
4	NA	NA	NA	NA	NA	NA	scorcs    	NA	NA	NA	NA	NA	NA	58	NA	NA	correct	NA
4	NA	NA	NA	NA	NA	NA	scorcs brame   	NA	NA	NA	NA	NA	NA	59	NA	NA	correct	NA
4	NA	NA	NA	NA	NA	NA	green    	NA	NA	NA	NA	NA	NA	60	NA	NA	correct	NA
4	NA	NA	NA	NA	NA	NA	scorcs blue   	NA	NA	NA	NA	NA	NA	61	NA	NA	correct	NA
4	NA	NA	NA	NA	NA	NA	scorcs green   	NA	NA	NA	NA	NA	NA	62	NA	NA	correct	NA
4	NA	NA	NA	NA	NA	NA	green    	NA	NA	NA	NA	NA	NA	63	NA	NA	correct	NA
4	NA	NA	NA	NA	NA	NA	blue    	NA	NA	NA	NA	NA	NA	64	NA	NA	correct	NA
4	NA	NA	NA	NA	NA	NA	brame    	NA	NA	NA	NA	NA	NA	65	NA	NA	correct	NA
4	NA	NA	NA	NA	NA	NA	scorcs brame   	NA	NA	NA	NA	NA	NA	66	NA	NA	correct	NA
4	NA	NA	NA	NA	NA	NA	brame green   	NA	NA	NA	NA	NA	NA	67	NA	NA	correct	NA
4	NA	NA	NA	NA	NA	NA	scorcs blue   	NA	NA	NA	NA	NA	NA	68	NA	NA	correct	NA
4	NA	NA	NA	NA	NA	NA	scorcs green   	NA	NA	NA	NA	NA	NA	69	NA	NA	correct	NA
4	NA	NA	NA	NA	NA	NA	brame red   	NA	NA	NA	NA	NA	NA	70	NA	NA	correct	NA
4	NA	NA	NA	NA	NA	NA	scorcs red   	NA	NA	NA	NA	NA	NA	71	NA	NA	correct	NA
4	NA	NA	NA	NA	NA	NA	scorcs green   	NA	NA	NA	NA	NA	NA	72	NA	NA	correct	NA
4	NA	NA	NA	NA	NA	NA	scorcs blue   	NA	NA	NA	NA	NA	NA	73	NA	NA	correct	NA
4	NA	NA	NA	NA	NA	NA	scorcs brame   	NA	NA	NA	NA	NA	NA	74	NA	NA	correct	NA
4	NA	NA	NA	NA	NA	NA	scorcs brame   	NA	NA	NA	NA	NA	NA	75	NA	NA	correct	NA
4	NA	NA	NA	NA	NA	NA	scorcs red   	NA	NA	NA	NA	NA	NA	76	NA	NA	correct	NA
4	NA	NA	NA	NA	NA	NA	scorcs brame   	NA	NA	NA	NA	NA	NA	77	NA	NA	correct	NA
4	NA	NA	NA	NA	NA	NA	scorcs red   	NA	NA	NA	NA	NA	NA	78	NA	NA	correct	NA
4	NA	NA	NA	NA	NA	NA	scorcs brame   	NA	NA	NA	NA	NA	NA	79	NA	NA	correct	NA
4	NA	NA	NA	NA	NA	NA	brame blue   	NA	NA	NA	NA	NA	NA	80	NA	NA	correct	NA
4	NA	NA	NA	NA	NA	NA	brame, red	NA	NA	NA	NA	NA	NA	82	NA	NA	correct	NA
4	NA	NA	NA	NA	NA	NA	green	NA	NA	NA	NA	NA	NA	83	NA	NA	correct	NA
4	NA	NA	NA	NA	NA	NA	scorcs, brame	NA	NA	NA	NA	NA	NA	84	NA	NA	correct	NA
4	NA	NA	NA	NA	NA	NA	scorcs, red	NA	NA	NA	NA	NA	NA	85	NA	NA	correct	NA
4	NA	NA	NA	NA	NA	NA	scorcs, blue	NA	NA	NA	NA	NA	NA	86	NA	NA	correct	NA
4	NA	NA	NA	NA	NA	NA	brame, red	NA	NA	NA	NA	NA	NA	87	NA	NA	correct	NA
4	NA	NA	NA	NA	NA	NA	brame, green	NA	NA	NA	NA	NA	NA	88	NA	NA	correct	NA
4	NA	NA	NA	NA	NA	NA	scorcs, green	NA	NA	NA	NA	NA	NA	89	NA	NA	correct	NA
4	NA	NA	NA	NA	NA	NA	brame, blue	NA	NA	NA	NA	NA	NA	90	NA	NA	correct	NA
4	NA	NA	NA	NA	NA	NA	green	NA	NA	NA	NA	NA	NA	91	NA	NA	correct	NA
4	NA	NA	NA	NA	NA	NA	scorcs, red	NA	NA	NA	NA	NA	NA	92	NA	NA	correct	NA
4	NA	NA	NA	NA	NA	NA	scorcs	NA	NA	NA	NA	NA	NA	93	NA	NA	correct	NA
4	NA	NA	NA	NA	NA	NA	scorcs, brame	NA	NA	NA	NA	NA	NA	94	NA	NA	correct	NA
4	NA	NA	NA	NA	NA	NA	blue	NA	NA	NA	NA	NA	NA	95	NA	NA	correct	NA
4	NA	NA	NA	NA	NA	NA	scorcs, brame	NA	NA	NA	NA	NA	NA	96	NA	NA	correct	NA
4	NA	NA	NA	NA	NA	NA	scorcs, brame	NA	NA	NA	NA	NA	NA	97	NA	NA	correct	NA
4	NA	NA	NA	NA	NA	NA	green	NA	NA	NA	NA	NA	NA	98	NA	NA	correct	NA
4	NA	NA	NA	NA	NA	NA	scorcs, green	NA	NA	NA	NA	NA	NA	99	NA	NA	correct	NA
4	NA	NA	NA	NA	NA	NA	scorcs, brame	NA	NA	NA	NA	NA	NA	100	NA	NA	correct	NA
4	NA	NA	NA	NA	NA	NA	scorcs, blue	NA	NA	NA	NA	NA	NA	101	NA	NA	correct	NA
4	NA	NA	NA	NA	NA	NA	scorcs, brame	NA	NA	NA	NA	NA	NA	102	NA	NA	correct	NA
4	NA	NA	NA	NA	NA	NA	brame	NA	NA	NA	NA	NA	NA	103	NA	NA	correct	NA
4	NA	NA	NA	NA	NA	NA	scorcs, green	NA	NA	NA	NA	NA	NA	104	NA	NA	correct	NA
4	NA	NA	NA	NA	NA	NA	scorcs	NA	NA	NA	NA	NA	NA	105	NA	NA	correct	NA
4	NA	NA	NA	NA	NA	NA	scorcs	NA	NA	NA	NA	NA	NA	106	NA	NA	correct	NA
4	NA	NA	NA	NA	NA	NA	red	NA	NA	NA	NA	NA	NA	107	NA	NA	correct	NA
4	NA	NA	NA	NA	NA	NA	red	NA	NA	NA	NA	NA	NA	109	NA	NA	correct	NA
4	NA	NA	NA	NA	NA	NA	NA	NA	NA	0.04	NA	NA	NA	136	green	brame	NA	NA
4	NA	NA	NA	NA	NA	NA	NA	NA	NA	1	NA	NA	NA	137	brame	small	NA	NA
4	NA	NA	NA	NA	NA	NA	NA	NA	NA	0.97	NA	NA	NA	138	scorcs	green	NA	NA
4	NA	NA	NA	NA	NA	NA	NA	NA	NA	0.02	NA	NA	NA	139	small	blue	NA	NA
4	NA	NA	NA	NA	NA	NA	NA	NA	NA	1	NA	NA	NA	140	scorcs	big	NA	NA
4	NA	NA	NA	NA	NA	NA	NA	NA	NA	0.99	NA	NA	NA	141	green	small	NA	NA
4	NA	NA	NA	NA	NA	NA	NA	NA	NA	1	NA	NA	NA	142	scorcs	small	NA	NA
4	NA	NA	NA	NA	NA	NA	NA	NA	NA	1	NA	NA	NA	143	blue	big	NA	NA
4	NA	NA	NA	NA	NA	NA	NA	NA	NA	0	NA	NA	NA	144	blue	scorcs	NA	NA
4	NA	NA	NA	NA	NA	NA	NA	NA	NA	1	NA	NA	NA	145	scorcs	brame	NA	NA
4	NA	NA	NA	NA	NA	NA	NA	NA	NA	1	NA	NA	NA	146	scorcs	red	NA	NA
4	NA	NA	NA	NA	NA	NA	NA	NA	NA	1	NA	NA	NA	147	brame	red	NA	NA
4	NA	NA	NA	NA	NA	NA	NA	NA	NA	0	NA	NA	NA	148	big	brame	NA	NA
4	NA	NA	NA	NA	NA	NA	NA	NA	NA	1	NA	NA	NA	149	brame	blue	NA	NA
4	NA	NA	NA	NONE	NA	My friend used to fly this...	NA	NA	NA	1	NA	NA	NA	151	scorcs	red	NA	NA
4	NA	NA	NA	brame	NA	Humans think all of our ships look like rockets, like this...	NA	NA	NA	0	NA	NA	NA	152	green	brame	NA	NA
4	NA	NA	NA	scorcs	NA	Wow, so many fins &#8210; I like this...	NA	NA	NA	1	NA	NA	NA	153	scorcs	red	NA	NA
4	NA	NA	NA	blue	NA	What a nice color. I like flying this...	NA	NA	NA	1	NA	NA	NA	154	scorcs	blue	NA	NA
4	NA	NA	NA	brame	NA	For long distances, I use rockets. The best one is this...	NA	NA	NA	1	NA	NA	NA	155	brame	red	NA	NA
4	NA	NA	NA	scorcs	NA	Ugh, so many fins &#8210; I hate flying this...	NA	NA	NA	1	NA	NA	NA	156	scorcs	green	NA	NA
4	NA	NA	NA	scorcs	NA	The more spikes, the better. My favorite one is this...	NA	NA	NA	0	NA	NA	NA	157	scorcs	brame	NA	NA
4	NA	NA	NA	NONE	NA	On our planet, many aliens fly ships like this...	NA	NA	NA	0	NA	NA	NA	158	green	brame	NA	NA
4	NA	NA	NA	brame	NA	My first ship had the same shape as this...	NA	NA	NA	0	NA	NA	NA	159	green	brame	NA	NA
4	NA	NA	NA	green	NA	I like ships that have the same color as I have, like this...	NA	NA	NA	0	NA	NA	NA	160	green	brame	NA	NA
4	NA	NA	NA	scorcs	NA	I really don&quotechart like ships with spikes, like this...	NA	NA	NA	1	NA	NA	NA	161	brame	scorcs	NA	NA
4	NA	NA	NA	NA	0	NA	NA	[0, 1]	NA	NA	NA	0.3	NA	162	NA	NA	NA	NA
4	NA	NA	0	NA	NA	NA	NA	[0, 1]	0.64	NA	NA	NA	NA	163	NA	NA	NA	NA
4	NA	NA	NA	NA	NA	NA	NA	[0, 1]	NA	NA	NA	NA	finned	164	NA	NA	NA	tall
5	cuint	first	NA	NA	NA	NA	NA	NA	NA	NA	second	NA	NA	6	NA	NA	NA	NA
5	cuint	second	NA	NA	NA	NA	NA	NA	NA	NA	second	NA	NA	7	NA	NA	NA	NA
5	niege	first	NA	NA	NA	NA	NA	NA	NA	NA	first	NA	NA	8	NA	NA	NA	NA
5	niege	second	NA	NA	NA	NA	NA	NA	NA	NA	second	NA	NA	9	NA	NA	NA	NA
5	cuint	second	NA	NA	NA	NA	NA	NA	NA	NA	second	NA	NA	10	NA	NA	NA	NA
5	niege	first	NA	NA	NA	NA	NA	NA	NA	NA	first	NA	NA	11	NA	NA	NA	NA
5	niege	second	NA	NA	NA	NA	NA	NA	NA	NA	second	NA	NA	12	NA	NA	NA	NA
5	cuint	first	NA	NA	NA	NA	NA	NA	NA	NA	second	NA	NA	13	NA	NA	NA	NA
5	cuint	first	NA	NA	NA	NA	NA	NA	NA	NA	first	NA	NA	14	NA	NA	NA	NA
5	niege	first	NA	NA	NA	NA	NA	NA	NA	NA	first	NA	NA	15	NA	NA	NA	NA
5	cuint	first	NA	NA	NA	NA	NA	NA	NA	NA	first	NA	NA	16	NA	NA	NA	NA
5	cuint	second	NA	NA	NA	NA	NA	NA	NA	NA	second	NA	NA	17	NA	NA	NA	NA
5	niege	first	NA	NA	NA	NA	NA	NA	NA	NA	first	NA	NA	18	NA	NA	NA	NA
5	cuint	first	NA	NA	NA	NA	NA	NA	NA	NA	first	NA	NA	19	NA	NA	NA	NA
5	cuint	first	NA	NA	NA	NA	NA	NA	NA	NA	first	NA	NA	20	NA	NA	NA	NA
5	niege	second	NA	NA	NA	NA	NA	NA	NA	NA	second	NA	NA	21	NA	NA	NA	NA
5	cuint	first	NA	NA	NA	NA	NA	NA	NA	NA	first	NA	NA	22	NA	NA	NA	NA
5	niege	first	NA	NA	NA	NA	NA	NA	NA	NA	first	NA	NA	23	NA	NA	NA	NA
5	cuint	second	NA	NA	NA	NA	NA	NA	NA	NA	second	NA	NA	24	NA	NA	NA	NA
5	niege	second	NA	NA	NA	NA	NA	NA	NA	NA	second	NA	NA	25	NA	NA	NA	NA
5	cuint	first	NA	NA	NA	NA	NA	NA	NA	NA	first	NA	NA	26	NA	NA	NA	NA
5	niege	second	NA	NA	NA	NA	NA	NA	NA	NA	second	NA	NA	27	NA	NA	NA	NA
5	cuint	second	NA	NA	NA	NA	NA	NA	NA	NA	second	NA	NA	28	NA	NA	NA	NA
5	niege	first	NA	NA	NA	NA	NA	NA	NA	NA	first	NA	NA	29	NA	NA	NA	NA
5	niege	second	NA	NA	NA	NA	NA	NA	NA	NA	second	NA	NA	30	NA	NA	NA	NA
5	niege	first	NA	NA	NA	NA	NA	NA	NA	NA	first	NA	NA	31	NA	NA	NA	NA
5	niege	first	NA	NA	NA	NA	NA	NA	NA	NA	first	NA	NA	32	NA	NA	NA	NA
5	niege	second	NA	NA	NA	NA	NA	NA	NA	NA	second	NA	NA	33	NA	NA	NA	NA
5	niege	first	NA	NA	NA	NA	NA	NA	NA	NA	first	NA	NA	34	NA	NA	NA	NA
5	niege	first	NA	NA	NA	NA	NA	NA	NA	NA	first	NA	NA	35	NA	NA	NA	NA
5	niege	first	NA	NA	NA	NA	NA	NA	NA	NA	first	NA	NA	36	NA	NA	NA	NA
5	cuint	second	NA	NA	NA	NA	NA	NA	NA	NA	second	NA	NA	37	NA	NA	NA	NA
5	cuint	second	NA	NA	NA	NA	NA	NA	NA	NA	second	NA	NA	38	NA	NA	NA	NA
5	cuint	first	NA	NA	NA	NA	NA	NA	NA	NA	first	NA	NA	39	NA	NA	NA	NA
5	niege	second	NA	NA	NA	NA	NA	NA	NA	NA	second	NA	NA	40	NA	NA	NA	NA
5	niege	second	NA	NA	NA	NA	NA	NA	NA	NA	second	NA	NA	41	NA	NA	NA	NA
5	cuint	second	NA	NA	NA	NA	NA	NA	NA	NA	second	NA	NA	42	NA	NA	NA	NA
5	niege	second	NA	NA	NA	NA	NA	NA	NA	NA	second	NA	NA	43	NA	NA	NA	NA
5	niege	first	NA	NA	NA	NA	NA	NA	NA	NA	first	NA	NA	44	NA	NA	NA	NA
5	cuint	first	NA	NA	NA	NA	NA	NA	NA	NA	first	NA	NA	45	NA	NA	NA	NA
5	cuint	first	NA	NA	NA	NA	NA	NA	NA	NA	first	NA	NA	46	NA	NA	NA	NA
5	niege	second	NA	NA	NA	NA	NA	NA	NA	NA	second	NA	NA	47	NA	NA	NA	NA
5	cuint	second	NA	NA	NA	NA	NA	NA	NA	NA	second	NA	NA	48	NA	NA	NA	NA
5	cuint	second	NA	NA	NA	NA	NA	NA	NA	NA	second	NA	NA	49	NA	NA	NA	NA
5	cuint	first	NA	NA	NA	NA	NA	NA	NA	NA	second	NA	NA	50	NA	NA	NA	NA
5	cuint	second	NA	NA	NA	NA	NA	NA	NA	NA	second	NA	NA	51	NA	NA	NA	NA
5	cuint	first	NA	NA	NA	NA	NA	NA	NA	NA	first	NA	NA	52	NA	NA	NA	NA
5	niege	second	NA	NA	NA	NA	NA	NA	NA	NA	second	NA	NA	53	NA	NA	NA	NA
5	NA	NA	NA	NA	NA	NA	the red niege spaceship 	NA	NA	NA	NA	NA	NA	55	NA	NA	correct	NA
5	NA	NA	NA	NA	NA	NA	the blue spaceship  	NA	NA	NA	NA	NA	NA	56	NA	NA	correct	NA
5	NA	NA	NA	NA	NA	NA	the green spaceship  	NA	NA	NA	NA	NA	NA	57	NA	NA	correct	NA
5	NA	NA	NA	NA	NA	NA	the green cuint spaceship 	NA	NA	NA	NA	NA	NA	58	NA	NA	correct	NA
5	NA	NA	NA	NA	NA	NA	the green niege spaceship 	NA	NA	NA	NA	NA	NA	59	NA	NA	correct	NA
5	NA	NA	NA	NA	NA	NA	the green cuint spaceship 	NA	NA	NA	NA	NA	NA	60	NA	NA	correct	NA
5	NA	NA	NA	NA	NA	NA	the niege red spaceship 	NA	NA	NA	NA	NA	NA	61	NA	NA	correct	NA
5	NA	NA	NA	NA	NA	NA	the cuint niege blue spaceship	NA	NA	NA	NA	NA	NA	62	NA	NA	correct	NA
5	NA	NA	NA	NA	NA	NA	the cuint green niege spaceship	NA	NA	NA	NA	NA	NA	63	NA	NA	correct	NA
5	NA	NA	NA	NA	NA	NA	the red spaceship  	NA	NA	NA	NA	NA	NA	64	NA	NA	correct	NA
5	NA	NA	NA	NA	NA	NA	the niege blue spaceship 	NA	NA	NA	NA	NA	NA	65	NA	NA	correct	NA
5	NA	NA	NA	NA	NA	NA	the cuint niege green spaceship	NA	NA	NA	NA	NA	NA	66	NA	NA	correct	NA
5	NA	NA	NA	NA	NA	NA	the cuint niege red spaceship	NA	NA	NA	NA	NA	NA	67	NA	NA	correct	NA
5	NA	NA	NA	NA	NA	NA	the cuint blue spaceship 	NA	NA	NA	NA	NA	NA	68	NA	NA	correct	NA
5	NA	NA	NA	NA	NA	NA	the cuint niege blue spaceship	NA	NA	NA	NA	NA	NA	69	NA	NA	correct	NA
5	NA	NA	NA	NA	NA	NA	the cuint red spaceship 	NA	NA	NA	NA	NA	NA	70	NA	NA	correct	NA
5	NA	NA	NA	NA	NA	NA	the cuint green spaceship 	NA	NA	NA	NA	NA	NA	71	NA	NA	correct	NA
5	NA	NA	NA	NA	NA	NA	the niege blue spaceship 	NA	NA	NA	NA	NA	NA	72	NA	NA	correct	NA
5	NA	NA	NA	NA	NA	NA	the cuint blue spaceship 	NA	NA	NA	NA	NA	NA	73	NA	NA	correct	NA
5	NA	NA	NA	NA	NA	NA	the cuint red spaceship 	NA	NA	NA	NA	NA	NA	74	NA	NA	correct	NA
5	NA	NA	NA	NA	NA	NA	the red spaceship  	NA	NA	NA	NA	NA	NA	75	NA	NA	correct	NA
5	NA	NA	NA	NA	NA	NA	the niege red spaceship 	NA	NA	NA	NA	NA	NA	76	NA	NA	correct	NA
5	NA	NA	NA	NA	NA	NA	the niege blue spaceship 	NA	NA	NA	NA	NA	NA	77	NA	NA	correct	NA
5	NA	NA	NA	NA	NA	NA	the niege green spaceship 	NA	NA	NA	NA	NA	NA	78	NA	NA	correct	NA
5	NA	NA	NA	NA	NA	NA	the niege cuint green spaceship	NA	NA	NA	NA	NA	NA	79	NA	NA	correct	NA
5	NA	NA	NA	NA	NA	NA	the cuint blue spaceship 	NA	NA	NA	NA	NA	NA	80	NA	NA	correct	NA
5	NA	NA	NA	NA	NA	NA	the niege red spaceship	NA	NA	NA	NA	NA	NA	82	NA	NA	correct	NA
5	NA	NA	NA	NA	NA	NA	the green spaceship	NA	NA	NA	NA	NA	NA	83	NA	NA	correct	NA
5	NA	NA	NA	NA	NA	NA	the blue spaceship	NA	NA	NA	NA	NA	NA	84	NA	NA	correct	NA
5	NA	NA	NA	NA	NA	NA	the niege green spaceship	NA	NA	NA	NA	NA	NA	85	NA	NA	correct	NA
5	NA	NA	NA	NA	NA	NA	the niege green spaceship	NA	NA	NA	NA	NA	NA	86	NA	NA	correct	NA
5	NA	NA	NA	NA	NA	NA	the red spaceship	NA	NA	NA	NA	NA	NA	87	NA	NA	correct	NA
5	NA	NA	NA	NA	NA	NA	the niege blue spaceship	NA	NA	NA	NA	NA	NA	88	NA	NA	correct	NA
5	NA	NA	NA	NA	NA	NA	the niege green spaceship	NA	NA	NA	NA	NA	NA	89	NA	NA	correct	NA
5	NA	NA	NA	NA	NA	NA	the niege red spaceship	NA	NA	NA	NA	NA	NA	90	NA	NA	correct	NA
5	NA	NA	NA	NA	NA	NA	the cuint blue spaceship	NA	NA	NA	NA	NA	NA	91	NA	NA	correct	NA
5	NA	NA	NA	NA	NA	NA	the cuint niege spaceship	NA	NA	NA	NA	NA	NA	92	NA	NA	correct	NA
5	NA	NA	NA	NA	NA	NA	the cuint green spaceship	NA	NA	NA	NA	NA	NA	93	NA	NA	correct	NA
5	NA	NA	NA	NA	NA	NA	the cuint blue spaceship	NA	NA	NA	NA	NA	NA	94	NA	NA	correct	NA
5	NA	NA	NA	NA	NA	NA	the cuint red spaceship	NA	NA	NA	NA	NA	NA	95	NA	NA	correct	NA
5	NA	NA	NA	NA	NA	NA	the red spaceship	NA	NA	NA	NA	NA	NA	96	NA	NA	correct	NA
5	NA	NA	NA	NA	NA	NA	the niege red spaceship	NA	NA	NA	NA	NA	NA	97	NA	NA	correct	NA
5	NA	NA	NA	NA	NA	NA	the niege green spaceship	NA	NA	NA	NA	NA	NA	98	NA	NA	correct	NA
5	NA	NA	NA	NA	NA	NA	the niege spaceship	NA	NA	NA	NA	NA	NA	99	NA	NA	correct	NA
5	NA	NA	NA	NA	NA	NA	the cuint red spaceship	NA	NA	NA	NA	NA	NA	100	NA	NA	correct	NA
5	NA	NA	NA	NA	NA	NA	the cuint niege spaceship	NA	NA	NA	NA	NA	NA	101	NA	NA	correct	NA
5	NA	NA	NA	NA	NA	NA	the cuint niege blue spaceship	NA	NA	NA	NA	NA	NA	102	NA	NA	correct	NA
5	NA	NA	NA	NA	NA	NA	the cuint blue spaceship	NA	NA	NA	NA	NA	NA	103	NA	NA	correct	NA
5	NA	NA	NA	NA	NA	NA	the niege blue spaceship	NA	NA	NA	NA	NA	NA	104	NA	NA	correct	NA
5	NA	NA	NA	NA	NA	NA	the cuint green spaceship	NA	NA	NA	NA	NA	NA	105	NA	NA	correct	NA
5	NA	NA	NA	NA	NA	NA	the cuint niege spaceship	NA	NA	NA	NA	NA	NA	106	NA	NA	correct	NA
5	NA	NA	NA	NA	NA	NA	the cuint niege blue spaceship	NA	NA	NA	NA	NA	NA	107	NA	NA	correct	NA
5	NA	NA	NA	NA	NA	NA	the cuint green spaceship	NA	NA	NA	NA	NA	NA	109	NA	NA	correct	NA
5	NA	NA	NA	NA	NA	NA	NA	NA	NA	0.1	NA	NA	NA	136	cuint	red	NA	NA
5	NA	NA	NA	NA	NA	NA	NA	NA	NA	0.2	NA	NA	NA	137	big	niege	NA	NA
5	NA	NA	NA	NA	NA	NA	NA	NA	NA	0.01	NA	NA	NA	138	cuint	green	NA	NA
5	NA	NA	NA	NA	NA	NA	NA	NA	NA	0.85	NA	NA	NA	139	niege	small	NA	NA
5	NA	NA	NA	NA	NA	NA	NA	NA	NA	0.14	NA	NA	NA	140	small	cuint	NA	NA
5	NA	NA	NA	NA	NA	NA	NA	NA	NA	0.21	NA	NA	NA	141	big	cuint	NA	NA
5	NA	NA	NA	NA	NA	NA	NA	NA	NA	0.82	NA	NA	NA	142	green	niege	NA	NA
5	NA	NA	NA	NA	NA	NA	NA	NA	NA	0.97	NA	NA	NA	143	red	small	NA	NA
5	NA	NA	NA	NA	NA	NA	NA	NA	NA	0.95	NA	NA	NA	144	red	big	NA	NA
5	NA	NA	NA	NA	NA	NA	NA	NA	NA	0.03	NA	NA	NA	145	small	red	NA	NA
5	NA	NA	NA	NA	NA	NA	NA	NA	NA	0.97	NA	NA	NA	146	blue	cuint	NA	NA
5	NA	NA	NA	NA	NA	NA	NA	NA	NA	0	NA	NA	NA	147	blue	niege	NA	NA
5	NA	NA	NA	NA	NA	NA	NA	NA	NA	0.04	NA	NA	NA	148	red	niege	NA	NA
5	NA	NA	NA	NA	NA	NA	NA	NA	NA	0.97	NA	NA	NA	149	cuint	niege	NA	NA
5	NA	NA	NA	NONE	NA	My friend used to fly this...	NA	NA	NA	0.98	NA	NA	NA	151	cuint	green	NA	NA
5	NA	NA	NA	NONE	NA	On our planet, many aliens fly ships like this...	NA	NA	NA	0.95	NA	NA	NA	152	niege	green	NA	NA
5	NA	NA	NA	blue	NA	I like ships that have the same color as I have, like this...	NA	NA	NA	0.97	NA	NA	NA	153	niege	blue	NA	NA
5	NA	NA	NA	cuint	NA	Wow, no fins &#8210; I like this...	NA	NA	NA	0.02	NA	NA	NA	154	cuint	blue	NA	NA
5	NA	NA	NA	niege	NA	For long distances, I use rockets. The best one is this...	NA	NA	NA	0.99	NA	NA	NA	155	niege	green	NA	NA
5	NA	NA	NA	cuint	NA	The fewer spikes, the better. My favorite one is this...	NA	NA	NA	0.02	NA	NA	NA	156	cuint	niege	NA	NA
5	NA	NA	NA	cuint	NA	Ugh, no fins &#8210; I hate flying this...	NA	NA	NA	0.94	NA	NA	NA	157	cuint	red	NA	NA
5	NA	NA	NA	niege	NA	My first ship had the same shape as this...	NA	NA	NA	0.93	NA	NA	NA	158	red	niege	NA	NA
5	NA	NA	NA	green	NA	What a nice color. I like flying this...	NA	NA	NA	0.95	NA	NA	NA	159	cuint	green	NA	NA
5	NA	NA	NA	cuint	NA	I really don&quotechart like ships without spikes, like this...	NA	NA	NA	0.99	NA	NA	NA	160	cuint	niege	NA	NA
5	NA	NA	NA	niege	NA	Humans think all of our ships look like rockets, like this...	NA	NA	NA	0.05	NA	NA	NA	161	red	niege	NA	NA
5	NA	NA	0.03	NA	NA	NA	NA	[0, 1]	0	NA	NA	NA	NA	162	NA	NA	NA	NA
5	NA	NA	NA	NA	NA	NA	NA	[0, 1]	NA	NA	NA	NA	no points / spikes	163	NA	NA	NA	narrow / skinny
5	NA	NA	NA	NA	0.06	NA	NA	[0, 1]	NA	NA	NA	0.04	NA	164	NA	NA	NA	NA
6	brirk	second	NA	NA	NA	NA	NA	NA	NA	NA	second	NA	NA	6	NA	NA	NA	NA
6	brirk	first	NA	NA	NA	NA	NA	NA	NA	NA	first	NA	NA	7	NA	NA	NA	NA
6	brirk	second	NA	NA	NA	NA	NA	NA	NA	NA	second	NA	NA	8	NA	NA	NA	NA
6	yafs	first	NA	NA	NA	NA	NA	NA	NA	NA	first	NA	NA	9	NA	NA	NA	NA
6	yafs	second	NA	NA	NA	NA	NA	NA	NA	NA	second	NA	NA	10	NA	NA	NA	NA
6	yafs	second	NA	NA	NA	NA	NA	NA	NA	NA	second	NA	NA	11	NA	NA	NA	NA
6	yafs	first	NA	NA	NA	NA	NA	NA	NA	NA	first	NA	NA	12	NA	NA	NA	NA
6	brirk	second	NA	NA	NA	NA	NA	NA	NA	NA	second	NA	NA	13	NA	NA	NA	NA
6	brirk	first	NA	NA	NA	NA	NA	NA	NA	NA	first	NA	NA	14	NA	NA	NA	NA
6	brirk	first	NA	NA	NA	NA	NA	NA	NA	NA	first	NA	NA	15	NA	NA	NA	NA
6	brirk	first	NA	NA	NA	NA	NA	NA	NA	NA	first	NA	NA	16	NA	NA	NA	NA
6	yafs	first	NA	NA	NA	NA	NA	NA	NA	NA	first	NA	NA	17	NA	NA	NA	NA
6	brirk	first	NA	NA	NA	NA	NA	NA	NA	NA	first	NA	NA	18	NA	NA	NA	NA
6	yafs	first	NA	NA	NA	NA	NA	NA	NA	NA	first	NA	NA	19	NA	NA	NA	NA
6	brirk	second	NA	NA	NA	NA	NA	NA	NA	NA	second	NA	NA	20	NA	NA	NA	NA
6	yafs	first	NA	NA	NA	NA	NA	NA	NA	NA	first	NA	NA	21	NA	NA	NA	NA
6	yafs	second	NA	NA	NA	NA	NA	NA	NA	NA	second	NA	NA	22	NA	NA	NA	NA
6	yafs	first	NA	NA	NA	NA	NA	NA	NA	NA	first	NA	NA	23	NA	NA	NA	NA
6	yafs	second	NA	NA	NA	NA	NA	NA	NA	NA	second	NA	NA	24	NA	NA	NA	NA
6	brirk	first	NA	NA	NA	NA	NA	NA	NA	NA	first	NA	NA	25	NA	NA	NA	NA
6	yafs	second	NA	NA	NA	NA	NA	NA	NA	NA	second	NA	NA	26	NA	NA	NA	NA
6	yafs	first	NA	NA	NA	NA	NA	NA	NA	NA	first	NA	NA	27	NA	NA	NA	NA
6	brirk	second	NA	NA	NA	NA	NA	NA	NA	NA	second	NA	NA	28	NA	NA	NA	NA
6	brirk	second	NA	NA	NA	NA	NA	NA	NA	NA	second	NA	NA	29	NA	NA	NA	NA
6	brirk	second	NA	NA	NA	NA	NA	NA	NA	NA	second	NA	NA	30	NA	NA	NA	NA
6	brirk	first	NA	NA	NA	NA	NA	NA	NA	NA	first	NA	NA	31	NA	NA	NA	NA
6	yafs	first	NA	NA	NA	NA	NA	NA	NA	NA	first	NA	NA	32	NA	NA	NA	NA
6	yafs	second	NA	NA	NA	NA	NA	NA	NA	NA	second	NA	NA	33	NA	NA	NA	NA
6	brirk	first	NA	NA	NA	NA	NA	NA	NA	NA	first	NA	NA	34	NA	NA	NA	NA
6	brirk	second	NA	NA	NA	NA	NA	NA	NA	NA	second	NA	NA	35	NA	NA	NA	NA
6	brirk	first	NA	NA	NA	NA	NA	NA	NA	NA	first	NA	NA	36	NA	NA	NA	NA
6	yafs	second	NA	NA	NA	NA	NA	NA	NA	NA	second	NA	NA	37	NA	NA	NA	NA
6	yafs	first	NA	NA	NA	NA	NA	NA	NA	NA	first	NA	NA	38	NA	NA	NA	NA
6	brirk	second	NA	NA	NA	NA	NA	NA	NA	NA	second	NA	NA	39	NA	NA	NA	NA
6	yafs	first	NA	NA	NA	NA	NA	NA	NA	NA	first	NA	NA	40	NA	NA	NA	NA
6	yafs	first	NA	NA	NA	NA	NA	NA	NA	NA	first	NA	NA	41	NA	NA	NA	NA
6	brirk	second	NA	NA	NA	NA	NA	NA	NA	NA	second	NA	NA	42	NA	NA	NA	NA
6	yafs	second	NA	NA	NA	NA	NA	NA	NA	NA	second	NA	NA	43	NA	NA	NA	NA
6	yafs	first	NA	NA	NA	NA	NA	NA	NA	NA	first	NA	NA	44	NA	NA	NA	NA
6	yafs	first	NA	NA	NA	NA	NA	NA	NA	NA	first	NA	NA	45	NA	NA	NA	NA
6	brirk	second	NA	NA	NA	NA	NA	NA	NA	NA	second	NA	NA	46	NA	NA	NA	NA
6	yafs	first	NA	NA	NA	NA	NA	NA	NA	NA	first	NA	NA	47	NA	NA	NA	NA
6	yafs	second	NA	NA	NA	NA	NA	NA	NA	NA	second	NA	NA	48	NA	NA	NA	NA
6	brirk	first	NA	NA	NA	NA	NA	NA	NA	NA	first	NA	NA	49	NA	NA	NA	NA
6	brirk	second	NA	NA	NA	NA	NA	NA	NA	NA	second	NA	NA	50	NA	NA	NA	NA
6	yafs	second	NA	NA	NA	NA	NA	NA	NA	NA	second	NA	NA	51	NA	NA	NA	NA
6	brirk	first	NA	NA	NA	NA	NA	NA	NA	NA	first	NA	NA	52	NA	NA	NA	NA
6	brirk	first	NA	NA	NA	NA	NA	NA	NA	NA	first	NA	NA	53	NA	NA	NA	NA
6	NA	NA	NA	NA	NA	NA	green yafs brirk spaceship 	NA	NA	NA	NA	NA	NA	55	NA	NA	correct	NA
6	NA	NA	NA	NA	NA	NA	yafs green   	NA	NA	NA	NA	NA	NA	56	NA	NA	correct	NA
6	NA	NA	NA	NA	NA	NA	brirk red   	NA	NA	NA	NA	NA	NA	57	NA	NA	correct	NA
6	NA	NA	NA	NA	NA	NA	blue yafs brirk  	NA	NA	NA	NA	NA	NA	58	NA	NA	correct	NA
6	NA	NA	NA	NA	NA	NA	yafs blue brirk  	NA	NA	NA	NA	NA	NA	59	NA	NA	correct	NA
6	NA	NA	NA	NA	NA	NA	blue yafs brirk  	NA	NA	NA	NA	NA	NA	60	NA	NA	correct	NA
6	NA	NA	NA	NA	NA	NA	red yafs brirk  	NA	NA	NA	NA	NA	NA	61	NA	NA	correct	NA
6	NA	NA	NA	NA	NA	NA	yafs green   	NA	NA	NA	NA	NA	NA	62	NA	NA	correct	NA
6	NA	NA	NA	NA	NA	NA	brirk green   	NA	NA	NA	NA	NA	NA	63	NA	NA	correct	NA
6	NA	NA	NA	NA	NA	NA	blue brirk   	NA	NA	NA	NA	NA	NA	64	NA	NA	correct	NA
6	NA	NA	NA	NA	NA	NA	red brirk   	NA	NA	NA	NA	NA	NA	65	NA	NA	correct	NA
6	NA	NA	NA	NA	NA	NA	yafs blue brirk  	NA	NA	NA	NA	NA	NA	66	NA	NA	correct	NA
6	NA	NA	NA	NA	NA	NA	green brirk   	NA	NA	NA	NA	NA	NA	67	NA	NA	correct	NA
6	NA	NA	NA	NA	NA	NA	yafs brirk red  	NA	NA	NA	NA	NA	NA	68	NA	NA	correct	NA
6	NA	NA	NA	NA	NA	NA	yafs red   	NA	NA	NA	NA	NA	NA	69	NA	NA	correct	NA
6	NA	NA	NA	NA	NA	NA	blue    	NA	NA	NA	NA	NA	NA	70	NA	NA	correct	NA
6	NA	NA	NA	NA	NA	NA	blue yafs   	NA	NA	NA	NA	NA	NA	71	NA	NA	correct	NA
6	NA	NA	NA	NA	NA	NA	green yafs   	NA	NA	NA	NA	NA	NA	72	NA	NA	correct	NA
6	NA	NA	NA	NA	NA	NA	red brirk   	NA	NA	NA	NA	NA	NA	73	NA	NA	correct	NA
6	NA	NA	NA	NA	NA	NA	green    	NA	NA	NA	NA	NA	NA	74	NA	NA	correct	NA
6	NA	NA	NA	NA	NA	NA	yafs brirk red  	NA	NA	NA	NA	NA	NA	75	NA	NA	correct	NA
6	NA	NA	NA	NA	NA	NA	brirk yafs   	NA	NA	NA	NA	NA	NA	76	NA	NA	correct	NA
6	NA	NA	NA	NA	NA	NA	red yafs   	NA	NA	NA	NA	NA	NA	77	NA	NA	correct	NA
6	NA	NA	NA	NA	NA	NA	yafs brirk   	NA	NA	NA	NA	NA	NA	78	NA	NA	correct	NA
6	NA	NA	NA	NA	NA	NA	yafs brirk   	NA	NA	NA	NA	NA	NA	79	NA	NA	correct	NA
6	NA	NA	NA	NA	NA	NA	yafs blue   	NA	NA	NA	NA	NA	NA	80	NA	NA	correct	NA
6	NA	NA	NA	NA	NA	NA	green yafs	NA	NA	NA	NA	NA	NA	82	NA	NA	correct	NA
6	NA	NA	NA	NA	NA	NA	red brirk	NA	NA	NA	NA	NA	NA	83	NA	NA	correct	NA
6	NA	NA	NA	NA	NA	NA	blue	NA	NA	NA	NA	NA	NA	84	NA	NA	correct	NA
6	NA	NA	NA	NA	NA	NA	blue yafs	NA	NA	NA	NA	NA	NA	85	NA	NA	correct	NA
6	NA	NA	NA	NA	NA	NA	green	NA	NA	NA	NA	NA	NA	86	NA	NA	correct	NA
6	NA	NA	NA	NA	NA	NA	brirk yafs	NA	NA	NA	NA	NA	NA	87	NA	NA	correct	NA
6	NA	NA	NA	NA	NA	NA	green brirk	NA	NA	NA	NA	NA	NA	88	NA	NA	correct	NA
6	NA	NA	NA	NA	NA	NA	blue yafs	NA	NA	NA	NA	NA	NA	89	NA	NA	correct	NA
6	NA	NA	NA	NA	NA	NA	blue brirk	NA	NA	NA	NA	NA	NA	90	NA	NA	correct	NA
6	NA	NA	NA	NA	NA	NA	red brirk yafs	NA	NA	NA	NA	NA	NA	91	NA	NA	correct	NA
6	NA	NA	NA	NA	NA	NA	blue brirk	NA	NA	NA	NA	NA	NA	92	NA	NA	correct	NA
6	NA	NA	NA	NA	NA	NA	red brirk	NA	NA	NA	NA	NA	NA	93	NA	NA	correct	NA
6	NA	NA	NA	NA	NA	NA	red yafs	NA	NA	NA	NA	NA	NA	94	NA	NA	correct	NA
6	NA	NA	NA	NA	NA	NA	brirk yafs	NA	NA	NA	NA	NA	NA	95	NA	NA	correct	NA
6	NA	NA	NA	NA	NA	NA	yafs brirk	NA	NA	NA	NA	NA	NA	96	NA	NA	correct	NA
6	NA	NA	NA	NA	NA	NA	blue yafs	NA	NA	NA	NA	NA	NA	97	NA	NA	correct	NA
6	NA	NA	NA	NA	NA	NA	brirk yafs	NA	NA	NA	NA	NA	NA	98	NA	NA	correct	NA
6	NA	NA	NA	NA	NA	NA	green yafs	NA	NA	NA	NA	NA	NA	99	NA	NA	correct	NA
6	NA	NA	NA	NA	NA	NA	red brirk yafs	NA	NA	NA	NA	NA	NA	100	NA	NA	correct	NA
6	NA	NA	NA	NA	NA	NA	green yafs	NA	NA	NA	NA	NA	NA	101	NA	NA	correct	NA
6	NA	NA	NA	NA	NA	NA	red yafs	NA	NA	NA	NA	NA	NA	102	NA	NA	correct	NA
6	NA	NA	NA	NA	NA	NA	green 	NA	NA	NA	NA	NA	NA	103	NA	NA	correct	NA
6	NA	NA	NA	NA	NA	NA	red brirk	NA	NA	NA	NA	NA	NA	104	NA	NA	correct	NA
6	NA	NA	NA	NA	NA	NA	blue yafs	NA	NA	NA	NA	NA	NA	105	NA	NA	correct	NA
6	NA	NA	NA	NA	NA	NA	red yafs	NA	NA	NA	NA	NA	NA	106	NA	NA	correct	NA
6	NA	NA	NA	NA	NA	NA	green brirk	NA	NA	NA	NA	NA	NA	107	NA	NA	correct	NA
6	NA	NA	NA	NA	NA	NA	blue yafs	NA	NA	NA	NA	NA	NA	109	NA	NA	correct	NA
6	NA	NA	NA	NA	NA	NA	NA	NA	NA	0.04	NA	NA	NA	136	big	brirk	NA	NA
6	NA	NA	NA	NA	NA	NA	NA	NA	NA	0.78	NA	NA	NA	137	brirk	small	NA	NA
6	NA	NA	NA	NA	NA	NA	NA	NA	NA	1	NA	NA	NA	138	brirk	blue	NA	NA
6	NA	NA	NA	NA	NA	NA	NA	NA	NA	0	NA	NA	NA	139	green	brirk	NA	NA
6	NA	NA	NA	NA	NA	NA	NA	NA	NA	0	NA	NA	NA	140	blue	yafs	NA	NA
6	NA	NA	NA	NA	NA	NA	NA	NA	NA	1	NA	NA	NA	141	red	big	NA	NA
6	NA	NA	NA	NA	NA	NA	NA	NA	NA	0	NA	NA	NA	142	small	yafs	NA	NA
6	NA	NA	NA	NA	NA	NA	NA	NA	NA	1	NA	NA	NA	143	blue	big	NA	NA
6	NA	NA	NA	NA	NA	NA	NA	NA	NA	1	NA	NA	NA	144	blue	big	NA	NA
6	NA	NA	NA	NA	NA	NA	NA	NA	NA	0	NA	NA	NA	145	brirk	yafs	NA	NA
6	NA	NA	NA	NA	NA	NA	NA	NA	NA	1	NA	NA	NA	146	yafs	green	NA	NA
6	NA	NA	NA	NA	NA	NA	NA	NA	NA	0	NA	NA	NA	147	red	brirk	NA	NA
6	NA	NA	NA	NA	NA	NA	NA	NA	NA	1	NA	NA	NA	148	yafs	big	NA	NA
6	NA	NA	NA	NA	NA	NA	NA	NA	NA	1	NA	NA	NA	149	yafs	red	NA	NA
6	NA	NA	NA	brirk	NA	Humans think all of our ships look like rockets, like this...	NA	NA	NA	0	NA	NA	NA	151	blue	brirk	NA	NA
6	NA	NA	NA	yafs	NA	The fewer spikes, the better. My favorite one is this...	NA	NA	NA	0.21	NA	NA	NA	152	brirk	yafs	NA	NA
6	NA	NA	NA	brirk	NA	For long distances, I use rockets. The best one is this...	NA	NA	NA	1	NA	NA	NA	153	brirk	red	NA	NA
6	NA	NA	NA	NONE	NA	My friend used to fly this...	NA	NA	NA	0	NA	NA	NA	154	red	yafs	NA	NA
6	NA	NA	NA	yafs	NA	Wow, no fins &#8210; I like this...	NA	NA	NA	1	NA	NA	NA	155	yafs	green	NA	NA
6	NA	NA	NA	yafs	NA	Ugh, no fins &#8210; I hate flying this...	NA	NA	NA	0	NA	NA	NA	156	green	yafs	NA	NA
6	NA	NA	NA	green	NA	I like ships that have the same color as I have, like this...	NA	NA	NA	0	NA	NA	NA	157	green	brirk	NA	NA
6	NA	NA	NA	brirk	NA	My first ship had the same shape as this...	NA	NA	NA	1	NA	NA	NA	158	brirk	blue	NA	NA
6	NA	NA	NA	NONE	NA	On our planet, many aliens fly ships like this...	NA	NA	NA	1	NA	NA	NA	159	brirk	blue	NA	NA
6	NA	NA	NA	yafs	NA	I really don&quotechart like ships without spikes, like this...	NA	NA	NA	0	NA	NA	NA	160	brirk	yafs	NA	NA
6	NA	NA	NA	green	NA	What a nice color. I like flying this...	NA	NA	NA	0	NA	NA	NA	161	green	yafs	NA	NA
6	NA	NA	0	NA	NA	NA	NA	[0, 1]	1	NA	NA	NA	NA	162	NA	NA	NA	NA
6	NA	NA	NA	NA	0	NA	NA	[0, 1]	NA	NA	NA	1	NA	163	NA	NA	NA	NA
6	NA	NA	NA	NA	NA	NA	NA	[0, 1]	NA	NA	NA	NA	non pointy	164	NA	NA	NA	tall
7	squalf	first	NA	NA	NA	NA	NA	NA	NA	NA	first	NA	NA	6	NA	NA	NA	NA
7	spunes	first	NA	NA	NA	NA	NA	NA	NA	NA	first	NA	NA	7	NA	NA	NA	NA
7	spunes	first	NA	NA	NA	NA	NA	NA	NA	NA	first	NA	NA	8	NA	NA	NA	NA
7	spunes	second	NA	NA	NA	NA	NA	NA	NA	NA	second	NA	NA	9	NA	NA	NA	NA
7	spunes	first	NA	NA	NA	NA	NA	NA	NA	NA	first	NA	NA	10	NA	NA	NA	NA
7	squalf	first	NA	NA	NA	NA	NA	NA	NA	NA	first	NA	NA	11	NA	NA	NA	NA
7	squalf	first	NA	NA	NA	NA	NA	NA	NA	NA	first	NA	NA	12	NA	NA	NA	NA
7	spunes	first	NA	NA	NA	NA	NA	NA	NA	NA	first	NA	NA	13	NA	NA	NA	NA
7	squalf	second	NA	NA	NA	NA	NA	NA	NA	NA	second	NA	NA	14	NA	NA	NA	NA
7	spunes	first	NA	NA	NA	NA	NA	NA	NA	NA	first	NA	NA	15	NA	NA	NA	NA
7	squalf	second	NA	NA	NA	NA	NA	NA	NA	NA	second	NA	NA	16	NA	NA	NA	NA
7	squalf	first	NA	NA	NA	NA	NA	NA	NA	NA	first	NA	NA	17	NA	NA	NA	NA
7	squalf	first	NA	NA	NA	NA	NA	NA	NA	NA	first	NA	NA	18	NA	NA	NA	NA
7	squalf	first	NA	NA	NA	NA	NA	NA	NA	NA	first	NA	NA	19	NA	NA	NA	NA
7	spunes	second	NA	NA	NA	NA	NA	NA	NA	NA	second	NA	NA	20	NA	NA	NA	NA
7	spunes	second	NA	NA	NA	NA	NA	NA	NA	NA	second	NA	NA	21	NA	NA	NA	NA
7	spunes	second	NA	NA	NA	NA	NA	NA	NA	NA	second	NA	NA	22	NA	NA	NA	NA
7	spunes	first	NA	NA	NA	NA	NA	NA	NA	NA	first	NA	NA	23	NA	NA	NA	NA
7	spunes	first	NA	NA	NA	NA	NA	NA	NA	NA	first	NA	NA	24	NA	NA	NA	NA
7	squalf	second	NA	NA	NA	NA	NA	NA	NA	NA	second	NA	NA	25	NA	NA	NA	NA
7	spunes	first	NA	NA	NA	NA	NA	NA	NA	NA	first	NA	NA	26	NA	NA	NA	NA
7	spunes	first	NA	NA	NA	NA	NA	NA	NA	NA	first	NA	NA	27	NA	NA	NA	NA
7	squalf	second	NA	NA	NA	NA	NA	NA	NA	NA	second	NA	NA	28	NA	NA	NA	NA
7	spunes	second	NA	NA	NA	NA	NA	NA	NA	NA	second	NA	NA	29	NA	NA	NA	NA
7	squalf	first	NA	NA	NA	NA	NA	NA	NA	NA	first	NA	NA	30	NA	NA	NA	NA
7	squalf	first	NA	NA	NA	NA	NA	NA	NA	NA	first	NA	NA	31	NA	NA	NA	NA
7	squalf	second	NA	NA	NA	NA	NA	NA	NA	NA	second	NA	NA	32	NA	NA	NA	NA
7	squalf	first	NA	NA	NA	NA	NA	NA	NA	NA	first	NA	NA	33	NA	NA	NA	NA
7	spunes	first	NA	NA	NA	NA	NA	NA	NA	NA	first	NA	NA	34	NA	NA	NA	NA
7	squalf	first	NA	NA	NA	NA	NA	NA	NA	NA	first	NA	NA	35	NA	NA	NA	NA
7	squalf	second	NA	NA	NA	NA	NA	NA	NA	NA	second	NA	NA	36	NA	NA	NA	NA
7	spunes	second	NA	NA	NA	NA	NA	NA	NA	NA	second	NA	NA	37	NA	NA	NA	NA
7	spunes	second	NA	NA	NA	NA	NA	NA	NA	NA	second	NA	NA	38	NA	NA	NA	NA
7	spunes	first	NA	NA	NA	NA	NA	NA	NA	NA	first	NA	NA	39	NA	NA	NA	NA
7	squalf	second	NA	NA	NA	NA	NA	NA	NA	NA	second	NA	NA	40	NA	NA	NA	NA
7	spunes	second	NA	NA	NA	NA	NA	NA	NA	NA	second	NA	NA	41	NA	NA	NA	NA
7	squalf	second	NA	NA	NA	NA	NA	NA	NA	NA	second	NA	NA	42	NA	NA	NA	NA
7	squalf	second	NA	NA	NA	NA	NA	NA	NA	NA	second	NA	NA	43	NA	NA	NA	NA
7	spunes	first	NA	NA	NA	NA	NA	NA	NA	NA	first	NA	NA	44	NA	NA	NA	NA
7	squalf	first	NA	NA	NA	NA	NA	NA	NA	NA	first	NA	NA	45	NA	NA	NA	NA
7	squalf	second	NA	NA	NA	NA	NA	NA	NA	NA	second	NA	NA	46	NA	NA	NA	NA
7	squalf	first	NA	NA	NA	NA	NA	NA	NA	NA	first	NA	NA	47	NA	NA	NA	NA
7	spunes	second	NA	NA	NA	NA	NA	NA	NA	NA	first	NA	NA	48	NA	NA	NA	NA
7	spunes	second	NA	NA	NA	NA	NA	NA	NA	NA	second	NA	NA	49	NA	NA	NA	NA
7	squalf	first	NA	NA	NA	NA	NA	NA	NA	NA	first	NA	NA	50	NA	NA	NA	NA
7	squalf	first	NA	NA	NA	NA	NA	NA	NA	NA	first	NA	NA	51	NA	NA	NA	NA
7	spunes	second	NA	NA	NA	NA	NA	NA	NA	NA	second	NA	NA	52	NA	NA	NA	NA
7	spunes	first	NA	NA	NA	NA	NA	NA	NA	NA	first	NA	NA	53	NA	NA	NA	NA
7	NA	NA	NA	NA	NA	NA	green squalf   	NA	NA	NA	NA	NA	NA	55	NA	NA	correct	NA
7	NA	NA	NA	NA	NA	NA	squalf blue spunes  	NA	NA	NA	NA	NA	NA	56	NA	NA	correct	NA
7	NA	NA	NA	NA	NA	NA	green squalf spaceship  	NA	NA	NA	NA	NA	NA	57	NA	NA	inconsistent	NA
7	NA	NA	NA	NA	NA	NA	squalf spunes red  	NA	NA	NA	NA	NA	NA	58	NA	NA	correct	NA
7	NA	NA	NA	NA	NA	NA	spaceship red   	NA	NA	NA	NA	NA	NA	59	NA	NA	correct	NA
7	NA	NA	NA	NA	NA	NA	green spunes   	NA	NA	NA	NA	NA	NA	60	NA	NA	correct	NA
7	NA	NA	NA	NA	NA	NA	red squalf spunes  	NA	NA	NA	NA	NA	NA	61	NA	NA	correct	NA
7	NA	NA	NA	NA	NA	NA	squalf green spunes  	NA	NA	NA	NA	NA	NA	62	NA	NA	correct	NA
7	NA	NA	NA	NA	NA	NA	spunes green   	NA	NA	NA	NA	NA	NA	63	NA	NA	correct	NA
7	NA	NA	NA	NA	NA	NA	red squalf spunes  	NA	NA	NA	NA	NA	NA	64	NA	NA	correct	NA
7	NA	NA	NA	NA	NA	NA	green spunes squalf  	NA	NA	NA	NA	NA	NA	65	NA	NA	correct	NA
7	NA	NA	NA	NA	NA	NA	green squalf spunes  	NA	NA	NA	NA	NA	NA	66	NA	NA	correct	NA
7	NA	NA	NA	NA	NA	NA	spunes blue   	NA	NA	NA	NA	NA	NA	67	NA	NA	correct	NA
7	NA	NA	NA	NA	NA	NA	blue spunes squalf  	NA	NA	NA	NA	NA	NA	68	NA	NA	correct	NA
7	NA	NA	NA	NA	NA	NA	red spunes squalf  	NA	NA	NA	NA	NA	NA	69	NA	NA	correct	NA
7	NA	NA	NA	NA	NA	NA	green spunes   	NA	NA	NA	NA	NA	NA	70	NA	NA	correct	NA
7	NA	NA	NA	NA	NA	NA	red spunes   	NA	NA	NA	NA	NA	NA	71	NA	NA	correct	NA
7	NA	NA	NA	NA	NA	NA	blue spaceship   	NA	NA	NA	NA	NA	NA	72	NA	NA	correct	NA
7	NA	NA	NA	NA	NA	NA	squalf blue spunes  	NA	NA	NA	NA	NA	NA	73	NA	NA	correct	NA
7	NA	NA	NA	NA	NA	NA	red squalf spunes  	NA	NA	NA	NA	NA	NA	74	NA	NA	correct	NA
7	NA	NA	NA	NA	NA	NA	green squalf spunes  	NA	NA	NA	NA	NA	NA	75	NA	NA	correct	NA
7	NA	NA	NA	NA	NA	NA	blue squalf spunes  	NA	NA	NA	NA	NA	NA	76	NA	NA	inconsistent	NA
7	NA	NA	NA	NA	NA	NA	blue squalf spunes  	NA	NA	NA	NA	NA	NA	77	NA	NA	correct	NA
7	NA	NA	NA	NA	NA	NA	red squalf spunes  	NA	NA	NA	NA	NA	NA	78	NA	NA	correct	NA
7	NA	NA	NA	NA	NA	NA	blue squalf spaceship  	NA	NA	NA	NA	NA	NA	79	NA	NA	correct	NA
7	NA	NA	NA	NA	NA	NA	blue squalf spunes  	NA	NA	NA	NA	NA	NA	80	NA	NA	correct	NA
7	NA	NA	NA	NA	NA	NA	blue squalf spunes	NA	NA	NA	NA	NA	NA	82	NA	NA	correct	NA
7	NA	NA	NA	NA	NA	NA	red squalf spunes	NA	NA	NA	NA	NA	NA	83	NA	NA	correct	NA
7	NA	NA	NA	NA	NA	NA	green spaceship	NA	NA	NA	NA	NA	NA	84	NA	NA	correct	NA
7	NA	NA	NA	NA	NA	NA	green spaceship squalf	NA	NA	NA	NA	NA	NA	85	NA	NA	correct	NA
7	NA	NA	NA	NA	NA	NA	green squalf spunes	NA	NA	NA	NA	NA	NA	86	NA	NA	correct	NA
7	NA	NA	NA	NA	NA	NA	blue squalf spunes	NA	NA	NA	NA	NA	NA	87	NA	NA	correct	NA
7	NA	NA	NA	NA	NA	NA	blue squalf spunes	NA	NA	NA	NA	NA	NA	88	NA	NA	correct	NA
7	NA	NA	NA	NA	NA	NA	green spunes	NA	NA	NA	NA	NA	NA	89	NA	NA	correct	NA
7	NA	NA	NA	NA	NA	NA	green spunes squalf	NA	NA	NA	NA	NA	NA	90	NA	NA	correct	NA
7	NA	NA	NA	NA	NA	NA	blue spunes 	NA	NA	NA	NA	NA	NA	91	NA	NA	correct	NA
7	NA	NA	NA	NA	NA	NA	red squalf spunes	NA	NA	NA	NA	NA	NA	92	NA	NA	correct	NA
7	NA	NA	NA	NA	NA	NA	green spunes 	NA	NA	NA	NA	NA	NA	93	NA	NA	correct	NA
7	NA	NA	NA	NA	NA	NA	red spaceship	NA	NA	NA	NA	NA	NA	94	NA	NA	correct	NA
7	NA	NA	NA	NA	NA	NA	red spunes squalf	NA	NA	NA	NA	NA	NA	95	NA	NA	correct	NA
7	NA	NA	NA	NA	NA	NA	red spunes squalf	NA	NA	NA	NA	NA	NA	96	NA	NA	correct	NA
7	NA	NA	NA	NA	NA	NA	green spunes	NA	NA	NA	NA	NA	NA	97	NA	NA	correct	NA
7	NA	NA	NA	NA	NA	NA	blue spaceship	NA	NA	NA	NA	NA	NA	98	NA	NA	correct	NA
7	NA	NA	NA	NA	NA	NA	blue squalf	NA	NA	NA	NA	NA	NA	99	NA	NA	correct	NA
7	NA	NA	NA	NA	NA	NA	red squalf spunes	NA	NA	NA	NA	NA	NA	100	NA	NA	correct	NA
7	NA	NA	NA	NA	NA	NA	green spunes squalf	NA	NA	NA	NA	NA	NA	101	NA	NA	correct	NA
7	NA	NA	NA	NA	NA	NA	blue squalf spunes	NA	NA	NA	NA	NA	NA	102	NA	NA	correct	NA
7	NA	NA	NA	NA	NA	NA	blue spunes	NA	NA	NA	NA	NA	NA	103	NA	NA	correct	NA
7	NA	NA	NA	NA	NA	NA	blue spaceship squalf	NA	NA	NA	NA	NA	NA	104	NA	NA	correct	NA
7	NA	NA	NA	NA	NA	NA	red spunes	NA	NA	NA	NA	NA	NA	105	NA	NA	correct	NA
7	NA	NA	NA	NA	NA	NA	green squalf	NA	NA	NA	NA	NA	NA	106	NA	NA	correct	NA
7	NA	NA	NA	NA	NA	NA	red squalf spunes	NA	NA	NA	NA	NA	NA	107	NA	NA	correct	NA
7	NA	NA	NA	NA	NA	NA	red squalf 	NA	NA	NA	NA	NA	NA	109	NA	NA	correct	NA
7	NA	NA	NA	NA	NA	NA	NA	NA	NA	0.85	NA	NA	NA	136	squalf	red	NA	NA
7	NA	NA	NA	NA	NA	NA	NA	NA	NA	0.08	NA	NA	NA	137	blue	squalf	NA	NA
7	NA	NA	NA	NA	NA	NA	NA	NA	NA	0.85	NA	NA	NA	138	spunes	big	NA	NA
7	NA	NA	NA	NA	NA	NA	NA	NA	NA	0.9	NA	NA	NA	139	spunes	red	NA	NA
7	NA	NA	NA	NA	NA	NA	NA	NA	NA	0.94	NA	NA	NA	140	squalf	big	NA	NA
7	NA	NA	NA	NA	NA	NA	NA	NA	NA	0.89	NA	NA	NA	141	blue	small	NA	NA
7	NA	NA	NA	NA	NA	NA	NA	NA	NA	0.11	NA	NA	NA	142	big	green	NA	NA
7	NA	NA	NA	NA	NA	NA	NA	NA	NA	0.04	NA	NA	NA	143	small	spunes	NA	NA
7	NA	NA	NA	NA	NA	NA	NA	NA	NA	0.1	NA	NA	NA	144	squalf	spunes	NA	NA
7	NA	NA	NA	NA	NA	NA	NA	NA	NA	0.06	NA	NA	NA	145	spunes	green	NA	NA
7	NA	NA	NA	NA	NA	NA	NA	NA	NA	0.92	NA	NA	NA	146	red	big	NA	NA
7	NA	NA	NA	NA	NA	NA	NA	NA	NA	0.14	NA	NA	NA	147	blue	spunes	NA	NA
7	NA	NA	NA	NA	NA	NA	NA	NA	NA	0.06	NA	NA	NA	148	small	squalf	NA	NA
7	NA	NA	NA	NA	NA	NA	NA	NA	NA	0.94	NA	NA	NA	149	squalf	green	NA	NA
7	NA	NA	NA	green	NA	I like ships that have the same color as I have, like this...	NA	NA	NA	0.1	NA	NA	NA	151	green	squalf	NA	NA
7	NA	NA	NA	squalf	NA	Humans think all of our ships look like rockets, like this...	NA	NA	NA	0.07	NA	NA	NA	152	green	squalf	NA	NA
7	NA	NA	NA	squalf	NA	My first ship had the same shape as this...	NA	NA	NA	0.91	NA	NA	NA	153	squalf	green	NA	NA
7	NA	NA	NA	NONE	NA	My friend used to fly this...	NA	NA	NA	0.93	NA	NA	NA	154	spunes	red	NA	NA
7	NA	NA	NA	spunes	NA	Ugh, no fins &#8210; I hate flying this...	NA	NA	NA	0.91	NA	NA	NA	155	spunes	red	NA	NA
7	NA	NA	NA	spunes	NA	Wow, no fins &#8210; I like this...	NA	NA	NA	0.89	NA	NA	NA	156	spunes	red	NA	NA
7	NA	NA	NA	spunes	NA	I really don&quotechart like ships without spikes, like this...	NA	NA	NA	0.15	NA	NA	NA	157	spunes	squalf	NA	NA
7	NA	NA	NA	squalf	NA	For long distances, I use rockets. The best one is this...	NA	NA	NA	0.89	NA	NA	NA	158	squalf	blue	NA	NA
7	NA	NA	NA	green	NA	What a nice color. I like flying this...	NA	NA	NA	0.06	NA	NA	NA	159	green	spunes	NA	NA
7	NA	NA	NA	spunes	NA	The fewer spikes, the better. My favorite one is this...	NA	NA	NA	0.06	NA	NA	NA	160	squalf	spunes	NA	NA
7	NA	NA	NA	NONE	NA	On our planet, many aliens fly ships like this...	NA	NA	NA	0.07	NA	NA	NA	161	red	squalf	NA	NA
7	NA	NA	NA	NA	0.17	NA	NA	[0, 1]	NA	NA	NA	0.8	NA	162	NA	NA	NA	NA
7	NA	NA	0.1	NA	NA	NA	NA	[0, 1]	0.47	NA	NA	NA	NA	163	NA	NA	NA	NA
7	NA	NA	NA	NA	NA	NA	NA	[0, 1]	NA	NA	NA	NA	non-Spiked	164	NA	NA	NA	Skinny
8	dwake	second	NA	NA	NA	NA	NA	NA	NA	NA	second	NA	NA	6	NA	NA	NA	NA
8	spraived	first	NA	NA	NA	NA	NA	NA	NA	NA	first	NA	NA	7	NA	NA	NA	NA
8	spraived	first	NA	NA	NA	NA	NA	NA	NA	NA	first	NA	NA	8	NA	NA	NA	NA
8	spraived	first	NA	NA	NA	NA	NA	NA	NA	NA	first	NA	NA	9	NA	NA	NA	NA
8	dwake	first	NA	NA	NA	NA	NA	NA	NA	NA	first	NA	NA	10	NA	NA	NA	NA
8	spraived	second	NA	NA	NA	NA	NA	NA	NA	NA	second	NA	NA	11	NA	NA	NA	NA
8	dwake	second	NA	NA	NA	NA	NA	NA	NA	NA	second	NA	NA	12	NA	NA	NA	NA
8	dwake	second	NA	NA	NA	NA	NA	NA	NA	NA	second	NA	NA	13	NA	NA	NA	NA
8	dwake	second	NA	NA	NA	NA	NA	NA	NA	NA	second	NA	NA	14	NA	NA	NA	NA
8	spraived	second	NA	NA	NA	NA	NA	NA	NA	NA	second	NA	NA	15	NA	NA	NA	NA
8	dwake	first	NA	NA	NA	NA	NA	NA	NA	NA	first	NA	NA	16	NA	NA	NA	NA
8	spraived	first	NA	NA	NA	NA	NA	NA	NA	NA	first	NA	NA	17	NA	NA	NA	NA
8	dwake	first	NA	NA	NA	NA	NA	NA	NA	NA	first	NA	NA	18	NA	NA	NA	NA
8	spraived	first	NA	NA	NA	NA	NA	NA	NA	NA	first	NA	NA	19	NA	NA	NA	NA
8	spraived	first	NA	NA	NA	NA	NA	NA	NA	NA	first	NA	NA	20	NA	NA	NA	NA
8	dwake	second	NA	NA	NA	NA	NA	NA	NA	NA	second	NA	NA	21	NA	NA	NA	NA
8	spraived	second	NA	NA	NA	NA	NA	NA	NA	NA	second	NA	NA	22	NA	NA	NA	NA
8	spraived	second	NA	NA	NA	NA	NA	NA	NA	NA	second	NA	NA	23	NA	NA	NA	NA
8	spraived	first	NA	NA	NA	NA	NA	NA	NA	NA	first	NA	NA	24	NA	NA	NA	NA
8	spraived	second	NA	NA	NA	NA	NA	NA	NA	NA	second	NA	NA	25	NA	NA	NA	NA
8	dwake	first	NA	NA	NA	NA	NA	NA	NA	NA	first	NA	NA	26	NA	NA	NA	NA
8	dwake	second	NA	NA	NA	NA	NA	NA	NA	NA	second	NA	NA	27	NA	NA	NA	NA
8	spraived	first	NA	NA	NA	NA	NA	NA	NA	NA	first	NA	NA	28	NA	NA	NA	NA
8	spraived	first	NA	NA	NA	NA	NA	NA	NA	NA	first	NA	NA	29	NA	NA	NA	NA
8	dwake	second	NA	NA	NA	NA	NA	NA	NA	NA	first	NA	NA	30	NA	NA	NA	NA
8	dwake	second	NA	NA	NA	NA	NA	NA	NA	NA	second	NA	NA	31	NA	NA	NA	NA
8	dwake	second	NA	NA	NA	NA	NA	NA	NA	NA	second	NA	NA	32	NA	NA	NA	NA
8	dwake	first	NA	NA	NA	NA	NA	NA	NA	NA	first	NA	NA	33	NA	NA	NA	NA
8	spraived	first	NA	NA	NA	NA	NA	NA	NA	NA	first	NA	NA	34	NA	NA	NA	NA
8	dwake	second	NA	NA	NA	NA	NA	NA	NA	NA	second	NA	NA	35	NA	NA	NA	NA
8	spraived	first	NA	NA	NA	NA	NA	NA	NA	NA	first	NA	NA	36	NA	NA	NA	NA
8	dwake	first	NA	NA	NA	NA	NA	NA	NA	NA	first	NA	NA	37	NA	NA	NA	NA
8	dwake	first	NA	NA	NA	NA	NA	NA	NA	NA	first	NA	NA	38	NA	NA	NA	NA
8	dwake	second	NA	NA	NA	NA	NA	NA	NA	NA	second	NA	NA	39	NA	NA	NA	NA
8	spraived	first	NA	NA	NA	NA	NA	NA	NA	NA	first	NA	NA	40	NA	NA	NA	NA
8	dwake	second	NA	NA	NA	NA	NA	NA	NA	NA	second	NA	NA	41	NA	NA	NA	NA
8	dwake	second	NA	NA	NA	NA	NA	NA	NA	NA	second	NA	NA	42	NA	NA	NA	NA
8	spraived	second	NA	NA	NA	NA	NA	NA	NA	NA	second	NA	NA	43	NA	NA	NA	NA
8	spraived	first	NA	NA	NA	NA	NA	NA	NA	NA	first	NA	NA	44	NA	NA	NA	NA
8	spraived	second	NA	NA	NA	NA	NA	NA	NA	NA	second	NA	NA	45	NA	NA	NA	NA
8	dwake	second	NA	NA	NA	NA	NA	NA	NA	NA	second	NA	NA	46	NA	NA	NA	NA
8	dwake	first	NA	NA	NA	NA	NA	NA	NA	NA	second	NA	NA	47	NA	NA	NA	NA
8	spraived	second	NA	NA	NA	NA	NA	NA	NA	NA	second	NA	NA	48	NA	NA	NA	NA
8	spraived	first	NA	NA	NA	NA	NA	NA	NA	NA	first	NA	NA	49	NA	NA	NA	NA
8	dwake	second	NA	NA	NA	NA	NA	NA	NA	NA	second	NA	NA	50	NA	NA	NA	NA
8	dwake	second	NA	NA	NA	NA	NA	NA	NA	NA	second	NA	NA	51	NA	NA	NA	NA
8	spraived	first	NA	NA	NA	NA	NA	NA	NA	NA	first	NA	NA	52	NA	NA	NA	NA
8	spraived	first	NA	NA	NA	NA	NA	NA	NA	NA	first	NA	NA	53	NA	NA	NA	NA
8	NA	NA	NA	NA	NA	NA	the spaceship dwake green 	NA	NA	NA	NA	NA	NA	55	NA	NA	correct	NA
8	NA	NA	NA	NA	NA	NA	the spraived red  	NA	NA	NA	NA	NA	NA	56	NA	NA	correct	NA
8	NA	NA	NA	NA	NA	NA	the spraived blue  	NA	NA	NA	NA	NA	NA	57	NA	NA	correct	NA
8	NA	NA	NA	NA	NA	NA	the dwake blue  	NA	NA	NA	NA	NA	NA	58	NA	NA	correct	NA
8	NA	NA	NA	NA	NA	NA	the dwake red  	NA	NA	NA	NA	NA	NA	59	NA	NA	correct	NA
8	NA	NA	NA	NA	NA	NA	the spraived green  	NA	NA	NA	NA	NA	NA	60	NA	NA	correct	NA
8	NA	NA	NA	NA	NA	NA	the spraived red  	NA	NA	NA	NA	NA	NA	61	NA	NA	correct	NA
8	NA	NA	NA	NA	NA	NA	the dwake spraived green 	NA	NA	NA	NA	NA	NA	62	NA	NA	correct	NA
8	NA	NA	NA	NA	NA	NA	the spraived green  	NA	NA	NA	NA	NA	NA	63	NA	NA	correct	NA
8	NA	NA	NA	NA	NA	NA	the dwake red  	NA	NA	NA	NA	NA	NA	64	NA	NA	correct	NA
8	NA	NA	NA	NA	NA	NA	the spraived blue  	NA	NA	NA	NA	NA	NA	65	NA	NA	correct	NA
8	NA	NA	NA	NA	NA	NA	the dwake red  	NA	NA	NA	NA	NA	NA	66	NA	NA	correct	NA
8	NA	NA	NA	NA	NA	NA	the red spraived  	NA	NA	NA	NA	NA	NA	67	NA	NA	correct	NA
8	NA	NA	NA	NA	NA	NA	the blue   	NA	NA	NA	NA	NA	NA	68	NA	NA	correct	NA
8	NA	NA	NA	NA	NA	NA	the dwake spraived blue 	NA	NA	NA	NA	NA	NA	69	NA	NA	correct	NA
8	NA	NA	NA	NA	NA	NA	the dwake spraived blue 	NA	NA	NA	NA	NA	NA	70	NA	NA	correct	NA
8	NA	NA	NA	NA	NA	NA	the dwake blue  	NA	NA	NA	NA	NA	NA	71	NA	NA	correct	NA
8	NA	NA	NA	NA	NA	NA	the dwake green  	NA	NA	NA	NA	NA	NA	72	NA	NA	correct	NA
8	NA	NA	NA	NA	NA	NA	the dwake green  	NA	NA	NA	NA	NA	NA	73	NA	NA	correct	NA
8	NA	NA	NA	NA	NA	NA	the dwake green  	NA	NA	NA	NA	NA	NA	74	NA	NA	correct	NA
8	NA	NA	NA	NA	NA	NA	the spraived blue  	NA	NA	NA	NA	NA	NA	75	NA	NA	correct	NA
8	NA	NA	NA	NA	NA	NA	the green   	NA	NA	NA	NA	NA	NA	76	NA	NA	correct	NA
8	NA	NA	NA	NA	NA	NA	the dwake spraived green 	NA	NA	NA	NA	NA	NA	77	NA	NA	correct	NA
8	NA	NA	NA	NA	NA	NA	the dwake spraived blue 	NA	NA	NA	NA	NA	NA	78	NA	NA	correct	NA
8	NA	NA	NA	NA	NA	NA	the spraived red  	NA	NA	NA	NA	NA	NA	79	NA	NA	correct	NA
8	NA	NA	NA	NA	NA	NA	the dwake spraived red 	NA	NA	NA	NA	NA	NA	80	NA	NA	correct	NA
8	NA	NA	NA	NA	NA	NA	the green	NA	NA	NA	NA	NA	NA	82	NA	NA	correct	NA
8	NA	NA	NA	NA	NA	NA	the dwake blue	NA	NA	NA	NA	NA	NA	83	NA	NA	correct	NA
8	NA	NA	NA	NA	NA	NA	the red	NA	NA	NA	NA	NA	NA	84	NA	NA	correct	NA
8	NA	NA	NA	NA	NA	NA	the spraived blue	NA	NA	NA	NA	NA	NA	85	NA	NA	correct	NA
8	NA	NA	NA	NA	NA	NA	the spraived red	NA	NA	NA	NA	NA	NA	86	NA	NA	correct	NA
8	NA	NA	NA	NA	NA	NA	dwake spraived blue	NA	NA	NA	NA	NA	NA	87	NA	NA	correct	NA
8	NA	NA	NA	NA	NA	NA	dwake, spraived blue	NA	NA	NA	NA	NA	NA	88	NA	NA	correct	NA
8	NA	NA	NA	NA	NA	NA	spraived blue	NA	NA	NA	NA	NA	NA	89	NA	NA	correct	NA
8	NA	NA	NA	NA	NA	NA	the red	NA	NA	NA	NA	NA	NA	90	NA	NA	correct	NA
8	NA	NA	NA	NA	NA	NA	the spraived red	NA	NA	NA	NA	NA	NA	91	NA	NA	correct	NA
8	NA	NA	NA	NA	NA	NA	dwake red	NA	NA	NA	NA	NA	NA	92	NA	NA	correct	NA
8	NA	NA	NA	NA	NA	NA	the green	NA	NA	NA	NA	NA	NA	93	NA	NA	correct	NA
8	NA	NA	NA	NA	NA	NA	dwake blue	NA	NA	NA	NA	NA	NA	94	NA	NA	correct	NA
8	NA	NA	NA	NA	NA	NA	dwake green	NA	NA	NA	NA	NA	NA	95	NA	NA	correct	NA
8	NA	NA	NA	NA	NA	NA	spraived green	NA	NA	NA	NA	NA	NA	96	NA	NA	correct	NA
8	NA	NA	NA	NA	NA	NA	dwake red	NA	NA	NA	NA	NA	NA	97	NA	NA	correct	NA
8	NA	NA	NA	NA	NA	NA	green	NA	NA	NA	NA	NA	NA	98	NA	NA	correct	NA
8	NA	NA	NA	NA	NA	NA	dwake, spraived red	NA	NA	NA	NA	NA	NA	99	NA	NA	correct	NA
8	NA	NA	NA	NA	NA	NA	dwake red	NA	NA	NA	NA	NA	NA	100	NA	NA	correct	NA
8	NA	NA	NA	NA	NA	NA	spraived blue	NA	NA	NA	NA	NA	NA	101	NA	NA	correct	NA
8	NA	NA	NA	NA	NA	NA	dwake, green	NA	NA	NA	NA	NA	NA	102	NA	NA	correct	NA
8	NA	NA	NA	NA	NA	NA	dwake blue	NA	NA	NA	NA	NA	NA	103	NA	NA	correct	NA
8	NA	NA	NA	NA	NA	NA	spraived green	NA	NA	NA	NA	NA	NA	104	NA	NA	correct	NA
8	NA	NA	NA	NA	NA	NA	dwake, spraived green	NA	NA	NA	NA	NA	NA	105	NA	NA	correct	NA
8	NA	NA	NA	NA	NA	NA	dwake, spraived green	NA	NA	NA	NA	NA	NA	106	NA	NA	correct	NA
8	NA	NA	NA	NA	NA	NA	blue	NA	NA	NA	NA	NA	NA	107	NA	NA	correct	NA
8	NA	NA	NA	NA	NA	NA	dwake blue	NA	NA	NA	NA	NA	NA	109	NA	NA	correct	NA
8	NA	NA	NA	NA	NA	NA	NA	NA	NA	0.18	NA	NA	NA	136	green	dwake	NA	NA
8	NA	NA	NA	NA	NA	NA	NA	NA	NA	0.15	NA	NA	NA	137	big	blue	NA	NA
8	NA	NA	NA	NA	NA	NA	NA	NA	NA	0.2	NA	NA	NA	138	small	blue	NA	NA
8	NA	NA	NA	NA	NA	NA	NA	NA	NA	0.76	NA	NA	NA	139	dwake	small	NA	NA
8	NA	NA	NA	NA	NA	NA	NA	NA	NA	0.82	NA	NA	NA	140	dwake	red	NA	NA
8	NA	NA	NA	NA	NA	NA	NA	NA	NA	0.3	NA	NA	NA	141	spraived	green	NA	NA
8	NA	NA	NA	NA	NA	NA	NA	NA	NA	0.22	NA	NA	NA	142	red	spraived	NA	NA
8	NA	NA	NA	NA	NA	NA	NA	NA	NA	0.23	NA	NA	NA	143	spraived	dwake	NA	NA
8	NA	NA	NA	NA	NA	NA	NA	NA	NA	0.7	NA	NA	NA	144	spraived	small	NA	NA
8	NA	NA	NA	NA	NA	NA	NA	NA	NA	0.6	NA	NA	NA	145	spraived	big	NA	NA
8	NA	NA	NA	NA	NA	NA	NA	NA	NA	0.69	NA	NA	NA	146	small	red	NA	NA
8	NA	NA	NA	NA	NA	NA	NA	NA	NA	0.22	NA	NA	NA	147	spraived	blue	NA	NA
8	NA	NA	NA	NA	NA	NA	NA	NA	NA	0.68	NA	NA	NA	148	big	dwake	NA	NA
8	NA	NA	NA	NA	NA	NA	NA	NA	NA	0.24	NA	NA	NA	149	dwake	blue	NA	NA
8	NA	NA	NA	NONE	NA	On our planet, many aliens fly ships like this...	NA	NA	NA	0.81	NA	NA	NA	151	dwake	green	NA	NA
8	NA	NA	NA	dwake	NA	My first ship had the same shape as this...	NA	NA	NA	0.7	NA	NA	NA	152	blue	dwake	NA	NA
8	NA	NA	NA	spraived	NA	The fewer spikes, the better. My favorite one is this...	NA	NA	NA	0.76	NA	NA	NA	153	spraived	dwake	NA	NA
8	NA	NA	NA	spraived	NA	Ugh, no fins &#8210; I hate flying this...	NA	NA	NA	0.12	NA	NA	NA	154	spraived	green	NA	NA
8	NA	NA	NA	green	NA	What a nice color. I like flying this...	NA	NA	NA	0.34	NA	NA	NA	155	green	spraived	NA	NA
8	NA	NA	NA	spraived	NA	I really don&quotechart like ships without spikes, like this...	NA	NA	NA	0.42	NA	NA	NA	156	dwake	spraived	NA	NA
8	NA	NA	NA	dwake	NA	For long distances, I use rockets. The best one is this...	NA	NA	NA	0.76	NA	NA	NA	157	dwake	red	NA	NA
8	NA	NA	NA	spraived	NA	Wow, no fins &#8210; I like this...	NA	NA	NA	0.75	NA	NA	NA	158	blue	spraived	NA	NA
8	NA	NA	NA	NONE	NA	My friend used to fly this...	NA	NA	NA	0.7	NA	NA	NA	159	blue	spraived	NA	NA
8	NA	NA	NA	dwake	NA	Humans think all of our ships look like rockets, like this...	NA	NA	NA	0.18	NA	NA	NA	160	dwake	red	NA	NA
8	NA	NA	NA	green	NA	I like ships that have the same color as I have, like this...	NA	NA	NA	0.81	NA	NA	NA	161	dwake	green	NA	NA
8	NA	NA	0.82	NA	NA	NA	NA	[0, 1]	0.73	NA	NA	NA	NA	162	NA	NA	NA	NA
8	NA	NA	NA	NA	0.12	NA	NA	[0, 1]	NA	NA	NA	0.14	NA	163	NA	NA	NA	NA
8	NA	NA	NA	NA	NA	NA	NA	[0, 1]	NA	NA	NA	NA	spiked	164	NA	NA	NA	tall