workerid	adjective	quiz_response	adj2_disagreement	relevant_adjective	adj2_subj	text	enteredText	order_questionnaires	adj1_disagreement	response	correct_response	adj1_subj	adj1_response	slide_number	predicate2	predicate1	correct	adj2_response	ADJ2OrADJ1First	ADJ2OrColorFirst	ADJ1OrColorFirst
0	twady	first	NA	NA	NA	NA	NA	NA	NA	NA	first	NA	NA	6	NA	NA	NA	NA	NA	NA	NA
0	twady	second	NA	NA	NA	NA	NA	NA	NA	NA	second	NA	NA	7	NA	NA	NA	NA	NA	NA	NA
0	twady	first	NA	NA	NA	NA	NA	NA	NA	NA	first	NA	NA	8	NA	NA	NA	NA	NA	NA	NA
0	spyck	second	NA	NA	NA	NA	NA	NA	NA	NA	second	NA	NA	9	NA	NA	NA	NA	NA	NA	NA
0	spyck	second	NA	NA	NA	NA	NA	NA	NA	NA	second	NA	NA	10	NA	NA	NA	NA	NA	NA	NA
0	twady	first	NA	NA	NA	NA	NA	NA	NA	NA	first	NA	NA	11	NA	NA	NA	NA	NA	NA	NA
0	spyck	second	NA	NA	NA	NA	NA	NA	NA	NA	second	NA	NA	12	NA	NA	NA	NA	NA	NA	NA
0	spyck	second	NA	NA	NA	NA	NA	NA	NA	NA	second	NA	NA	13	NA	NA	NA	NA	NA	NA	NA
0	twady	second	NA	NA	NA	NA	NA	NA	NA	NA	second	NA	NA	14	NA	NA	NA	NA	NA	NA	NA
0	spyck	first	NA	NA	NA	NA	NA	NA	NA	NA	first	NA	NA	15	NA	NA	NA	NA	NA	NA	NA
0	spyck	second	NA	NA	NA	NA	NA	NA	NA	NA	second	NA	NA	16	NA	NA	NA	NA	NA	NA	NA
0	twady	second	NA	NA	NA	NA	NA	NA	NA	NA	second	NA	NA	17	NA	NA	NA	NA	NA	NA	NA
0	twady	first	NA	NA	NA	NA	NA	NA	NA	NA	first	NA	NA	18	NA	NA	NA	NA	NA	NA	NA
0	spyck	second	NA	NA	NA	NA	NA	NA	NA	NA	second	NA	NA	19	NA	NA	NA	NA	NA	NA	NA
0	twady	first	NA	NA	NA	NA	NA	NA	NA	NA	first	NA	NA	20	NA	NA	NA	NA	NA	NA	NA
0	twady	first	NA	NA	NA	NA	NA	NA	NA	NA	first	NA	NA	21	NA	NA	NA	NA	NA	NA	NA
0	twady	first	NA	NA	NA	NA	NA	NA	NA	NA	first	NA	NA	22	NA	NA	NA	NA	NA	NA	NA
0	spyck	second	NA	NA	NA	NA	NA	NA	NA	NA	second	NA	NA	23	NA	NA	NA	NA	NA	NA	NA
0	twady	second	NA	NA	NA	NA	NA	NA	NA	NA	second	NA	NA	24	NA	NA	NA	NA	NA	NA	NA
0	spyck	first	NA	NA	NA	NA	NA	NA	NA	NA	first	NA	NA	25	NA	NA	NA	NA	NA	NA	NA
0	spyck	second	NA	NA	NA	NA	NA	NA	NA	NA	second	NA	NA	26	NA	NA	NA	NA	NA	NA	NA
0	spyck	first	NA	NA	NA	NA	NA	NA	NA	NA	first	NA	NA	27	NA	NA	NA	NA	NA	NA	NA
0	twady	first	NA	NA	NA	NA	NA	NA	NA	NA	first	NA	NA	28	NA	NA	NA	NA	NA	NA	NA
0	spyck	second	NA	NA	NA	NA	NA	NA	NA	NA	second	NA	NA	29	NA	NA	NA	NA	NA	NA	NA
0	twady	second	NA	NA	NA	NA	NA	NA	NA	NA	second	NA	NA	30	NA	NA	NA	NA	NA	NA	NA
0	spyck	second	NA	NA	NA	NA	NA	NA	NA	NA	second	NA	NA	31	NA	NA	NA	NA	NA	NA	NA
0	spyck	second	NA	NA	NA	NA	NA	NA	NA	NA	second	NA	NA	32	NA	NA	NA	NA	NA	NA	NA
0	spyck	second	NA	NA	NA	NA	NA	NA	NA	NA	second	NA	NA	33	NA	NA	NA	NA	NA	NA	NA
0	twady	first	NA	NA	NA	NA	NA	NA	NA	NA	first	NA	NA	34	NA	NA	NA	NA	NA	NA	NA
0	spyck	second	NA	NA	NA	NA	NA	NA	NA	NA	second	NA	NA	35	NA	NA	NA	NA	NA	NA	NA
0	twady	first	NA	NA	NA	NA	NA	NA	NA	NA	first	NA	NA	36	NA	NA	NA	NA	NA	NA	NA
0	twady	first	NA	NA	NA	NA	NA	NA	NA	NA	first	NA	NA	37	NA	NA	NA	NA	NA	NA	NA
0	twady	first	NA	NA	NA	NA	NA	NA	NA	NA	first	NA	NA	38	NA	NA	NA	NA	NA	NA	NA
0	spyck	second	NA	NA	NA	NA	NA	NA	NA	NA	second	NA	NA	39	NA	NA	NA	NA	NA	NA	NA
0	twady	second	NA	NA	NA	NA	NA	NA	NA	NA	second	NA	NA	40	NA	NA	NA	NA	NA	NA	NA
0	spyck	second	NA	NA	NA	NA	NA	NA	NA	NA	second	NA	NA	41	NA	NA	NA	NA	NA	NA	NA
0	twady	first	NA	NA	NA	NA	NA	NA	NA	NA	first	NA	NA	42	NA	NA	NA	NA	NA	NA	NA
0	twady	first	NA	NA	NA	NA	NA	NA	NA	NA	first	NA	NA	43	NA	NA	NA	NA	NA	NA	NA
0	spyck	second	NA	NA	NA	NA	NA	NA	NA	NA	second	NA	NA	44	NA	NA	NA	NA	NA	NA	NA
0	twady	first	NA	NA	NA	NA	NA	NA	NA	NA	first	NA	NA	45	NA	NA	NA	NA	NA	NA	NA
0	twady	first	NA	NA	NA	NA	NA	NA	NA	NA	first	NA	NA	46	NA	NA	NA	NA	NA	NA	NA
0	twady	first	NA	NA	NA	NA	NA	NA	NA	NA	first	NA	NA	47	NA	NA	NA	NA	NA	NA	NA
0	spyck	second	NA	NA	NA	NA	NA	NA	NA	NA	second	NA	NA	48	NA	NA	NA	NA	NA	NA	NA
0	spyck	first	NA	NA	NA	NA	NA	NA	NA	NA	first	NA	NA	49	NA	NA	NA	NA	NA	NA	NA
0	spyck	second	NA	NA	NA	NA	NA	NA	NA	NA	second	NA	NA	50	NA	NA	NA	NA	NA	NA	NA
0	spyck	second	NA	NA	NA	NA	NA	NA	NA	NA	second	NA	NA	51	NA	NA	NA	NA	NA	NA	NA
0	twady	first	NA	NA	NA	NA	NA	NA	NA	NA	first	NA	NA	52	NA	NA	NA	NA	NA	NA	NA
0	spyck	second	NA	NA	NA	NA	NA	NA	NA	NA	second	NA	NA	53	NA	NA	NA	NA	NA	NA	NA
0	NA	NA	NA	NA	NA	NA	the red spaceship twady twady	NA	NA	NA	NA	NA	NA	55	NA	NA	correct	NA	Q_ADJ2_ADJ2	R_COLOR_ADJ2_ADJ2	S_COLOR
0	NA	NA	NA	NA	NA	NA	the green spaceship twady twady	NA	NA	NA	NA	NA	NA	56	NA	NA	correct	NA	Q_ADJ2_ADJ2	R_COLOR_ADJ2_ADJ2	S_COLOR
0	NA	NA	NA	NA	NA	NA	the blue spaceship spyck spyck	NA	NA	NA	NA	NA	NA	57	NA	NA	correct	NA	Q_ADJ1_ADJ1	R_COLOR	S_COLOR_ADJ1_ADJ1
0	NA	NA	NA	NA	NA	NA	the red spyck spaceship 	NA	NA	NA	NA	NA	NA	58	NA	NA	correct	NA	Q_ADJ1	R_COLOR	S_COLOR_ADJ1
0	NA	NA	NA	NA	NA	NA	the green spyck spaceship 	NA	NA	NA	NA	NA	NA	59	NA	NA	correct	NA	Q_ADJ1	R_COLOR	S_COLOR_ADJ1
0	NA	NA	NA	NA	NA	NA	the blue twady spyck spaceship	NA	NA	NA	NA	NA	NA	60	NA	NA	correct	NA	Q_ADJ2_ADJ1	R_COLOR_ADJ2	S_COLOR_ADJ1
0	NA	NA	NA	NA	NA	NA	the green twady spyck spaceship	NA	NA	NA	NA	NA	NA	61	NA	NA	correct	NA	Q_ADJ2_ADJ1	R_COLOR_ADJ2	S_COLOR_ADJ1
0	NA	NA	NA	NA	NA	NA	the blue twady spaceship 	NA	NA	NA	NA	NA	NA	62	NA	NA	correct	NA	Q_ADJ2	R_COLOR_ADJ2	S_COLOR
0	NA	NA	NA	NA	NA	NA	the blue twady spaceship 	NA	NA	NA	NA	NA	NA	63	NA	NA	correct	NA	Q_ADJ2	R_COLOR_ADJ2	S_COLOR
0	NA	NA	NA	NA	NA	NA	the green twady spaceship 	NA	NA	NA	NA	NA	NA	64	NA	NA	correct	NA	Q_ADJ2	R_COLOR_ADJ2	S_COLOR
0	NA	NA	NA	NA	NA	NA	the green twady spaceship 	NA	NA	NA	NA	NA	NA	65	NA	NA	correct	NA	Q_ADJ2	R_COLOR_ADJ2	S_COLOR
0	NA	NA	NA	NA	NA	NA	the blue twady spaceship 	NA	NA	NA	NA	NA	NA	66	NA	NA	correct	NA	Q_ADJ2	R_COLOR_ADJ2	S_COLOR
0	NA	NA	NA	NA	NA	NA	the blue spyck spaceship 	NA	NA	NA	NA	NA	NA	67	NA	NA	correct	NA	Q_ADJ1	R_COLOR	S_COLOR_ADJ1
0	NA	NA	NA	NA	NA	NA	the blue twady spyck spaceship	NA	NA	NA	NA	NA	NA	68	NA	NA	correct	NA	Q_ADJ2_ADJ1	R_COLOR_ADJ2	S_COLOR_ADJ1
0	NA	NA	NA	NA	NA	NA	the red twady spaceship 	NA	NA	NA	NA	NA	NA	69	NA	NA	correct	NA	Q_ADJ2	R_COLOR_ADJ2	S_COLOR
0	NA	NA	NA	NA	NA	NA	the green spyck spaceship 	NA	NA	NA	NA	NA	NA	70	NA	NA	correct	NA	Q_ADJ1	R_COLOR	S_COLOR_ADJ1
0	NA	NA	NA	NA	NA	NA	the blue twady spyck spaceship	NA	NA	NA	NA	NA	NA	71	NA	NA	correct	NA	Q_ADJ2_ADJ1	R_COLOR_ADJ2	S_COLOR_ADJ1
0	NA	NA	NA	NA	NA	NA	the red twady spaceship 	NA	NA	NA	NA	NA	NA	72	NA	NA	correct	NA	Q_ADJ2	R_COLOR_ADJ2	S_COLOR
0	NA	NA	NA	NA	NA	NA	the red twady spaceship 	NA	NA	NA	NA	NA	NA	73	NA	NA	correct	NA	Q_ADJ2	R_COLOR_ADJ2	S_COLOR
0	NA	NA	NA	NA	NA	NA	the red spyck spaceship 	NA	NA	NA	NA	NA	NA	74	NA	NA	correct	NA	Q_ADJ1	R_COLOR	S_COLOR_ADJ1
0	NA	NA	NA	NA	NA	NA	the green spaceship  	NA	NA	NA	NA	NA	NA	75	NA	NA	correct	NA	Q_	R_COLOR	S_COLOR
0	NA	NA	NA	NA	NA	NA	the blue spaceship  	NA	NA	NA	NA	NA	NA	76	NA	NA	correct	NA	Q_	R_COLOR	S_COLOR
0	NA	NA	NA	NA	NA	NA	the blue spyck spaceship 	NA	NA	NA	NA	NA	NA	77	NA	NA	correct	NA	Q_ADJ1	R_COLOR	S_COLOR_ADJ1
0	NA	NA	NA	NA	NA	NA	the red twady spyck spaceship	NA	NA	NA	NA	NA	NA	78	NA	NA	correct	NA	Q_ADJ2_ADJ1	R_COLOR_ADJ2	S_COLOR_ADJ1
0	NA	NA	NA	NA	NA	NA	the red spaceship  	NA	NA	NA	NA	NA	NA	79	NA	NA	correct	NA	Q_	R_COLOR	S_COLOR
0	NA	NA	NA	NA	NA	NA	the green spyck spaceship 	NA	NA	NA	NA	NA	NA	80	NA	NA	correct	NA	Q_ADJ1	R_COLOR	S_COLOR_ADJ1
0	NA	NA	NA	NA	NA	NA	the green twady spaceship	NA	NA	NA	NA	NA	NA	82	NA	NA	correct	NA	Q_ADJ2	R_COLOR_ADJ2	S_COLOR
0	NA	NA	NA	NA	NA	NA	the red spyck spaceship	NA	NA	NA	NA	NA	NA	83	NA	NA	correct	NA	Q_ADJ1	R_COLOR	S_COLOR_ADJ1
0	NA	NA	NA	NA	NA	NA	the blue spaceship	NA	NA	NA	NA	NA	NA	84	NA	NA	correct	NA	Q_	R_COLOR	S_COLOR
0	NA	NA	NA	NA	NA	NA	the green spyck spaceship	NA	NA	NA	NA	NA	NA	85	NA	NA	correct	NA	Q_ADJ1	R_COLOR	S_COLOR_ADJ1
0	NA	NA	NA	NA	NA	NA	the red twady spaceship	NA	NA	NA	NA	NA	NA	86	NA	NA	correct	NA	Q_ADJ2	R_COLOR_ADJ2	S_COLOR
0	NA	NA	NA	NA	NA	NA	the blue spaceship	NA	NA	NA	NA	NA	NA	87	NA	NA	correct	NA	Q_	R_COLOR	S_COLOR
0	NA	NA	NA	NA	NA	NA	the blue twady spyck spaceship	NA	NA	NA	NA	NA	NA	88	NA	NA	correct	NA	Q_ADJ2_ADJ1	R_COLOR_ADJ2	S_COLOR_ADJ1
0	NA	NA	NA	NA	NA	NA	red twady	NA	NA	NA	NA	NA	NA	89	NA	NA	correct	NA	Q_ADJ2	R_COLOR_ADJ2	S_COLOR
0	NA	NA	NA	NA	NA	NA	green spyck	NA	NA	NA	NA	NA	NA	90	NA	NA	correct	NA	Q_ADJ1	R_COLOR	S_COLOR_ADJ1
0	NA	NA	NA	NA	NA	NA	blue spyck	NA	NA	NA	NA	NA	NA	91	NA	NA	correct	NA	Q_ADJ1	R_COLOR	S_COLOR_ADJ1
0	NA	NA	NA	NA	NA	NA	twady	NA	NA	NA	NA	NA	NA	92	NA	NA	correct	NA	Q_ADJ2	R_ADJ2	S_
0	NA	NA	NA	NA	NA	NA	red spyck	NA	NA	NA	NA	NA	NA	93	NA	NA	correct	NA	Q_ADJ1	R_COLOR	S_COLOR_ADJ1
0	NA	NA	NA	NA	NA	NA	green twady	NA	NA	NA	NA	NA	NA	94	NA	NA	correct	NA	Q_ADJ2	R_COLOR_ADJ2	S_COLOR
0	NA	NA	NA	NA	NA	NA	green twady	NA	NA	NA	NA	NA	NA	95	NA	NA	correct	NA	Q_ADJ2	R_COLOR_ADJ2	S_COLOR
0	NA	NA	NA	NA	NA	NA	blue twady	NA	NA	NA	NA	NA	NA	96	NA	NA	correct	NA	Q_ADJ2	R_COLOR_ADJ2	S_COLOR
0	NA	NA	NA	NA	NA	NA	red	NA	NA	NA	NA	NA	NA	97	NA	NA	correct	NA	Q_	R_COLOR	S_COLOR
0	NA	NA	NA	NA	NA	NA	green	NA	NA	NA	NA	NA	NA	98	NA	NA	correct	NA	Q_	R_COLOR	S_COLOR
0	NA	NA	NA	NA	NA	NA	red twady	NA	NA	NA	NA	NA	NA	99	NA	NA	correct	NA	Q_ADJ2	R_COLOR_ADJ2	S_COLOR
0	NA	NA	NA	NA	NA	NA	red twady	NA	NA	NA	NA	NA	NA	100	NA	NA	correct	NA	Q_ADJ2	R_COLOR_ADJ2	S_COLOR
0	NA	NA	NA	NA	NA	NA	blue twady spyck	NA	NA	NA	NA	NA	NA	101	NA	NA	correct	NA	Q_ADJ2_ADJ1	R_COLOR_ADJ2	S_COLOR_ADJ1
0	NA	NA	NA	NA	NA	NA	green spyck	NA	NA	NA	NA	NA	NA	102	NA	NA	correct	NA	Q_ADJ1	R_COLOR	S_COLOR_ADJ1
0	NA	NA	NA	NA	NA	NA	blue twady	NA	NA	NA	NA	NA	NA	103	NA	NA	correct	NA	Q_ADJ2	R_COLOR_ADJ2	S_COLOR
0	NA	NA	NA	NA	NA	NA	blue spyck	NA	NA	NA	NA	NA	NA	104	NA	NA	correct	NA	Q_ADJ1	R_COLOR	S_COLOR_ADJ1
0	NA	NA	NA	NA	NA	NA	red twady spyck	NA	NA	NA	NA	NA	NA	105	NA	NA	correct	NA	Q_ADJ2_ADJ1	R_COLOR_ADJ2	S_COLOR_ADJ1
0	NA	NA	NA	NA	NA	NA	green twady spyck	NA	NA	NA	NA	NA	NA	106	NA	NA	correct	NA	Q_ADJ2_ADJ1	R_COLOR_ADJ2	S_COLOR_ADJ1
0	NA	NA	NA	NA	NA	NA	blue twady spyck	NA	NA	NA	NA	NA	NA	107	NA	NA	correct	NA	Q_ADJ2_ADJ1	R_COLOR_ADJ2	S_COLOR_ADJ1
0	NA	NA	NA	NA	NA	NA	red twady	NA	NA	NA	NA	NA	NA	109	NA	NA	correct	NA	Q_ADJ2	R_COLOR_ADJ2	S_COLOR
0	NA	NA	NA	NA	NA	NA	NA	NA	NA	0	NA	NA	NA	136	red	twady	NA	NA	NA	NA	NA
0	NA	NA	NA	NA	NA	NA	NA	NA	NA	0	NA	NA	NA	137	small	spyck	NA	NA	NA	NA	NA
0	NA	NA	NA	NA	NA	NA	NA	NA	NA	0	NA	NA	NA	138	twady	spyck	NA	NA	NA	NA	NA
0	NA	NA	NA	NA	NA	NA	NA	NA	NA	1	NA	NA	NA	139	twady	blue	NA	NA	NA	NA	NA
0	NA	NA	NA	NA	NA	NA	NA	NA	NA	0	NA	NA	NA	140	blue	spyck	NA	NA	NA	NA	NA
0	NA	NA	NA	NA	NA	NA	NA	NA	NA	0	NA	NA	NA	141	big	blue	NA	NA	NA	NA	NA
0	NA	NA	NA	NA	NA	NA	NA	NA	NA	0	NA	NA	NA	142	big	twady	NA	NA	NA	NA	NA
0	NA	NA	NA	NA	NA	NA	NA	NA	NA	1	NA	NA	NA	143	twady	small	NA	NA	NA	NA	NA
0	NA	NA	NA	NA	NA	NA	NA	NA	NA	0	NA	NA	NA	144	big	spyck	NA	NA	NA	NA	NA
0	NA	NA	NA	NA	NA	NA	NA	NA	NA	1	NA	NA	NA	145	spyck	red	NA	NA	NA	NA	NA
0	NA	NA	NA	NA	NA	NA	NA	NA	NA	0	NA	NA	NA	146	green	twady	NA	NA	NA	NA	NA
0	NA	NA	NA	NA	NA	NA	NA	NA	NA	0	NA	NA	NA	147	small	green	NA	NA	NA	NA	NA
0	NA	NA	NA	NA	NA	NA	NA	NA	NA	1	NA	NA	NA	148	red	small	NA	NA	NA	NA	NA
0	NA	NA	NA	NA	NA	NA	NA	NA	NA	1	NA	NA	NA	149	spyck	green	NA	NA	NA	NA	NA
0	NA	NA	NA	twady	NA	I really don&quotechart like ships like this...	NA	NA	NA	0	NA	NA	NA	151	green	twady	NA	NA	NA	NA	NA
0	NA	NA	NA	twady	NA	For long distances, I use this...	NA	NA	NA	1	NA	NA	NA	152	spyck	twady	NA	NA	NA	NA	NA
0	NA	NA	NA	NONE	NA	On our planet, many aliens fly ships like this...	NA	NA	NA	1	NA	NA	NA	153	spyck	green	NA	NA	NA	NA	NA
0	NA	NA	NA	NONE	NA	Ugh, I hate flying this...	NA	NA	NA	0	NA	NA	NA	154	green	twady	NA	NA	NA	NA	NA
0	NA	NA	NA	twady	NA	My first ship had the same shape as this...	NA	NA	NA	1	NA	NA	NA	155	twady	green	NA	NA	NA	NA	NA
0	NA	NA	NA	green	NA	Humans think all of our ships look like this...	NA	NA	NA	1	NA	NA	NA	156	spyck	green	NA	NA	NA	NA	NA
0	NA	NA	NA	spyck	NA	What a nice color. I like flying this...	NA	NA	NA	0	NA	NA	NA	157	green	spyck	NA	NA	NA	NA	NA
0	NA	NA	NA	twady	NA	My friend used to fly this...	NA	NA	NA	1	NA	NA	NA	158	spyck	twady	NA	NA	NA	NA	NA
0	NA	NA	NA	spyck	NA	Wow -- I like this...	NA	NA	NA	0	NA	NA	NA	159	blue	spyck	NA	NA	NA	NA	NA
0	NA	NA	NA	spyck	NA	I like ships that have this color, like this...	NA	NA	NA	0	NA	NA	NA	160	red	spyck	NA	NA	NA	NA	NA
0	NA	NA	NA	blue	NA	I like ships of this type. My favorite one is this...	NA	NA	NA	0	NA	NA	NA	161	blue	twady	NA	NA	NA	NA	NA
0	NA	NA	NA	NA	NA	NA	NA	[1, 0]	NA	NA	NA	NA	rounded	162	NA	NA	NA	spiky	NA	NA	NA
0	NA	NA	NA	NA	1	NA	NA	[1, 0]	NA	NA	NA	1	NA	163	NA	NA	NA	NA	NA	NA	NA
0	NA	NA	1	NA	NA	NA	NA	[1, 0]	1	NA	NA	NA	NA	164	NA	NA	NA	NA	NA	NA	NA
1	fict	first	NA	NA	NA	NA	NA	NA	NA	NA	first	NA	NA	6	NA	NA	NA	NA	NA	NA	NA
1	twawlsy	second	NA	NA	NA	NA	NA	NA	NA	NA	second	NA	NA	7	NA	NA	NA	NA	NA	NA	NA
1	fict	first	NA	NA	NA	NA	NA	NA	NA	NA	first	NA	NA	8	NA	NA	NA	NA	NA	NA	NA
1	twawlsy	second	NA	NA	NA	NA	NA	NA	NA	NA	second	NA	NA	9	NA	NA	NA	NA	NA	NA	NA
1	fict	second	NA	NA	NA	NA	NA	NA	NA	NA	second	NA	NA	10	NA	NA	NA	NA	NA	NA	NA
1	twawlsy	first	NA	NA	NA	NA	NA	NA	NA	NA	first	NA	NA	11	NA	NA	NA	NA	NA	NA	NA
1	fict	second	NA	NA	NA	NA	NA	NA	NA	NA	second	NA	NA	12	NA	NA	NA	NA	NA	NA	NA
1	twawlsy	first	NA	NA	NA	NA	NA	NA	NA	NA	first	NA	NA	13	NA	NA	NA	NA	NA	NA	NA
1	twawlsy	first	NA	NA	NA	NA	NA	NA	NA	NA	first	NA	NA	14	NA	NA	NA	NA	NA	NA	NA
1	fict	first	NA	NA	NA	NA	NA	NA	NA	NA	first	NA	NA	15	NA	NA	NA	NA	NA	NA	NA
1	twawlsy	first	NA	NA	NA	NA	NA	NA	NA	NA	first	NA	NA	16	NA	NA	NA	NA	NA	NA	NA
1	twawlsy	second	NA	NA	NA	NA	NA	NA	NA	NA	second	NA	NA	17	NA	NA	NA	NA	NA	NA	NA
1	twawlsy	second	NA	NA	NA	NA	NA	NA	NA	NA	second	NA	NA	18	NA	NA	NA	NA	NA	NA	NA
1	twawlsy	first	NA	NA	NA	NA	NA	NA	NA	NA	first	NA	NA	19	NA	NA	NA	NA	NA	NA	NA
1	fict	second	NA	NA	NA	NA	NA	NA	NA	NA	second	NA	NA	20	NA	NA	NA	NA	NA	NA	NA
1	twawlsy	first	NA	NA	NA	NA	NA	NA	NA	NA	first	NA	NA	21	NA	NA	NA	NA	NA	NA	NA
1	fict	first	NA	NA	NA	NA	NA	NA	NA	NA	first	NA	NA	22	NA	NA	NA	NA	NA	NA	NA
1	twawlsy	second	NA	NA	NA	NA	NA	NA	NA	NA	second	NA	NA	23	NA	NA	NA	NA	NA	NA	NA
1	twawlsy	second	NA	NA	NA	NA	NA	NA	NA	NA	second	NA	NA	24	NA	NA	NA	NA	NA	NA	NA
1	fict	first	NA	NA	NA	NA	NA	NA	NA	NA	first	NA	NA	25	NA	NA	NA	NA	NA	NA	NA
1	fict	first	NA	NA	NA	NA	NA	NA	NA	NA	first	NA	NA	26	NA	NA	NA	NA	NA	NA	NA
1	twawlsy	second	NA	NA	NA	NA	NA	NA	NA	NA	second	NA	NA	27	NA	NA	NA	NA	NA	NA	NA
1	fict	second	NA	NA	NA	NA	NA	NA	NA	NA	second	NA	NA	28	NA	NA	NA	NA	NA	NA	NA
1	fict	first	NA	NA	NA	NA	NA	NA	NA	NA	first	NA	NA	29	NA	NA	NA	NA	NA	NA	NA
1	fict	first	NA	NA	NA	NA	NA	NA	NA	NA	first	NA	NA	30	NA	NA	NA	NA	NA	NA	NA
1	fict	first	NA	NA	NA	NA	NA	NA	NA	NA	first	NA	NA	31	NA	NA	NA	NA	NA	NA	NA
1	fict	first	NA	NA	NA	NA	NA	NA	NA	NA	second	NA	NA	32	NA	NA	NA	NA	NA	NA	NA
1	fict	first	NA	NA	NA	NA	NA	NA	NA	NA	first	NA	NA	33	NA	NA	NA	NA	NA	NA	NA
1	twawlsy	first	NA	NA	NA	NA	NA	NA	NA	NA	first	NA	NA	34	NA	NA	NA	NA	NA	NA	NA
1	fict	first	NA	NA	NA	NA	NA	NA	NA	NA	first	NA	NA	35	NA	NA	NA	NA	NA	NA	NA
1	twawlsy	second	NA	NA	NA	NA	NA	NA	NA	NA	second	NA	NA	36	NA	NA	NA	NA	NA	NA	NA
1	fict	first	NA	NA	NA	NA	NA	NA	NA	NA	first	NA	NA	37	NA	NA	NA	NA	NA	NA	NA
1	fict	first	NA	NA	NA	NA	NA	NA	NA	NA	first	NA	NA	38	NA	NA	NA	NA	NA	NA	NA
1	twawlsy	first	NA	NA	NA	NA	NA	NA	NA	NA	first	NA	NA	39	NA	NA	NA	NA	NA	NA	NA
1	twawlsy	first	NA	NA	NA	NA	NA	NA	NA	NA	first	NA	NA	40	NA	NA	NA	NA	NA	NA	NA
1	twawlsy	first	NA	NA	NA	NA	NA	NA	NA	NA	first	NA	NA	41	NA	NA	NA	NA	NA	NA	NA
1	twawlsy	second	NA	NA	NA	NA	NA	NA	NA	NA	second	NA	NA	42	NA	NA	NA	NA	NA	NA	NA
1	twawlsy	first	NA	NA	NA	NA	NA	NA	NA	NA	first	NA	NA	43	NA	NA	NA	NA	NA	NA	NA
1	fict	first	NA	NA	NA	NA	NA	NA	NA	NA	first	NA	NA	44	NA	NA	NA	NA	NA	NA	NA
1	twawlsy	second	NA	NA	NA	NA	NA	NA	NA	NA	second	NA	NA	45	NA	NA	NA	NA	NA	NA	NA
1	twawlsy	second	NA	NA	NA	NA	NA	NA	NA	NA	second	NA	NA	46	NA	NA	NA	NA	NA	NA	NA
1	fict	second	NA	NA	NA	NA	NA	NA	NA	NA	second	NA	NA	47	NA	NA	NA	NA	NA	NA	NA
1	twawlsy	second	NA	NA	NA	NA	NA	NA	NA	NA	second	NA	NA	48	NA	NA	NA	NA	NA	NA	NA
1	fict	first	NA	NA	NA	NA	NA	NA	NA	NA	first	NA	NA	49	NA	NA	NA	NA	NA	NA	NA
1	fict	first	NA	NA	NA	NA	NA	NA	NA	NA	first	NA	NA	50	NA	NA	NA	NA	NA	NA	NA
1	twawlsy	first	NA	NA	NA	NA	NA	NA	NA	NA	first	NA	NA	51	NA	NA	NA	NA	NA	NA	NA
1	fict	first	NA	NA	NA	NA	NA	NA	NA	NA	first	NA	NA	52	NA	NA	NA	NA	NA	NA	NA
1	fict	first	NA	NA	NA	NA	NA	NA	NA	NA	first	NA	NA	53	NA	NA	NA	NA	NA	NA	NA
1	NA	NA	NA	NA	NA	NA	the blue spaceship  	NA	NA	NA	NA	NA	NA	55	NA	NA	correct	NA	Q_	R_COLOR	S_COLOR
1	NA	NA	NA	NA	NA	NA	the fict spaceship  	NA	NA	NA	NA	NA	NA	56	NA	NA	correct	NA	Q_ADJ2	R_ADJ2	S_
1	NA	NA	NA	NA	NA	NA	the fict spaceship  	NA	NA	NA	NA	NA	NA	57	NA	NA	correct	NA	Q_ADJ2	R_ADJ2	S_
1	NA	NA	NA	NA	NA	NA	the green fict  	NA	NA	NA	NA	NA	NA	58	NA	NA	correct	NA	Q_ADJ2	R_COLOR_ADJ2	S_COLOR
1	NA	NA	NA	NA	NA	NA	the blue twawlsy fict 	NA	NA	NA	NA	NA	NA	59	NA	NA	correct	NA	Q_ADJ1_ADJ2	R_COLOR_ADJ2	S_COLOR_ADJ1
1	NA	NA	NA	NA	NA	NA	the blue fict  	NA	NA	NA	NA	NA	NA	60	NA	NA	correct	NA	Q_ADJ2	R_COLOR_ADJ2	S_COLOR
1	NA	NA	NA	NA	NA	NA	the twawlsy fict  	NA	NA	NA	NA	NA	NA	61	NA	NA	correct	NA	Q_ADJ1_ADJ2	R_ADJ2	S_ADJ1
1	NA	NA	NA	NA	NA	NA	the red twawlsy fict 	NA	NA	NA	NA	NA	NA	62	NA	NA	correct	NA	Q_ADJ1_ADJ2	R_COLOR_ADJ2	S_COLOR_ADJ1
1	NA	NA	NA	NA	NA	NA	the green twawlsy fict 	NA	NA	NA	NA	NA	NA	63	NA	NA	correct	NA	Q_ADJ1_ADJ2	R_COLOR_ADJ2	S_COLOR_ADJ1
1	NA	NA	NA	NA	NA	NA	the red twawlsy fict 	NA	NA	NA	NA	NA	NA	64	NA	NA	correct	NA	Q_ADJ1_ADJ2	R_COLOR_ADJ2	S_COLOR_ADJ1
1	NA	NA	NA	NA	NA	NA	the green fict  	NA	NA	NA	NA	NA	NA	65	NA	NA	correct	NA	Q_ADJ2	R_COLOR_ADJ2	S_COLOR
1	NA	NA	NA	NA	NA	NA	the red twawlsy fict 	NA	NA	NA	NA	NA	NA	66	NA	NA	correct	NA	Q_ADJ1_ADJ2	R_COLOR_ADJ2	S_COLOR_ADJ1
1	NA	NA	NA	NA	NA	NA	the green twawlsy fict 	NA	NA	NA	NA	NA	NA	67	NA	NA	correct	NA	Q_ADJ1_ADJ2	R_COLOR_ADJ2	S_COLOR_ADJ1
1	NA	NA	NA	NA	NA	NA	the green twawlsy fict 	NA	NA	NA	NA	NA	NA	68	NA	NA	correct	NA	Q_ADJ1_ADJ2	R_COLOR_ADJ2	S_COLOR_ADJ1
1	NA	NA	NA	NA	NA	NA	the twawlsy fict  	NA	NA	NA	NA	NA	NA	69	NA	NA	correct	NA	Q_ADJ1_ADJ2	R_ADJ2	S_ADJ1
1	NA	NA	NA	NA	NA	NA	the red fict  	NA	NA	NA	NA	NA	NA	70	NA	NA	correct	NA	Q_ADJ2	R_COLOR_ADJ2	S_COLOR
1	NA	NA	NA	NA	NA	NA	the green twawlsy fict 	NA	NA	NA	NA	NA	NA	71	NA	NA	correct	NA	Q_ADJ1_ADJ2	R_COLOR_ADJ2	S_COLOR_ADJ1
1	NA	NA	NA	NA	NA	NA	the blue twawlsy spaceship 	NA	NA	NA	NA	NA	NA	72	NA	NA	correct	NA	Q_ADJ1	R_COLOR	S_COLOR_ADJ1
1	NA	NA	NA	NA	NA	NA	the green fict  	NA	NA	NA	NA	NA	NA	73	NA	NA	correct	NA	Q_ADJ2	R_COLOR_ADJ2	S_COLOR
1	NA	NA	NA	NA	NA	NA	the blue twawlsy fict 	NA	NA	NA	NA	NA	NA	74	NA	NA	correct	NA	Q_ADJ1_ADJ2	R_COLOR_ADJ2	S_COLOR_ADJ1
1	NA	NA	NA	NA	NA	NA	the red spaceship  	NA	NA	NA	NA	NA	NA	75	NA	NA	correct	NA	Q_	R_COLOR	S_COLOR
1	NA	NA	NA	NA	NA	NA	the red twawlsy fict 	NA	NA	NA	NA	NA	NA	76	NA	NA	correct	NA	Q_ADJ1_ADJ2	R_COLOR_ADJ2	S_COLOR_ADJ1
1	NA	NA	NA	NA	NA	NA	the blue fict  	NA	NA	NA	NA	NA	NA	77	NA	NA	correct	NA	Q_ADJ2	R_COLOR_ADJ2	S_COLOR
1	NA	NA	NA	NA	NA	NA	the red twawlsy spaceship 	NA	NA	NA	NA	NA	NA	78	NA	NA	correct	NA	Q_ADJ1	R_COLOR	S_COLOR_ADJ1
1	NA	NA	NA	NA	NA	NA	the red fict  	NA	NA	NA	NA	NA	NA	79	NA	NA	correct	NA	Q_ADJ2	R_COLOR_ADJ2	S_COLOR
1	NA	NA	NA	NA	NA	NA	the green twawlsy spaceship 	NA	NA	NA	NA	NA	NA	80	NA	NA	correct	NA	Q_ADJ1	R_COLOR	S_COLOR_ADJ1
1	NA	NA	NA	NA	NA	NA	the red fict	NA	NA	NA	NA	NA	NA	82	NA	NA	correct	NA	Q_ADJ2	R_COLOR_ADJ2	S_COLOR
1	NA	NA	NA	NA	NA	NA	the fict	NA	NA	NA	NA	NA	NA	83	NA	NA	correct	NA	Q_ADJ2	R_ADJ2	S_
1	NA	NA	NA	NA	NA	NA	the blue spaceship	NA	NA	NA	NA	NA	NA	84	NA	NA	correct	NA	Q_	R_COLOR	S_COLOR
1	NA	NA	NA	NA	NA	NA	the green fict	NA	NA	NA	NA	NA	NA	85	NA	NA	correct	NA	Q_ADJ2	R_COLOR_ADJ2	S_COLOR
1	NA	NA	NA	NA	NA	NA	the blue fict	NA	NA	NA	NA	NA	NA	86	NA	NA	correct	NA	Q_ADJ2	R_COLOR_ADJ2	S_COLOR
1	NA	NA	NA	NA	NA	NA	the blue fict	NA	NA	NA	NA	NA	NA	87	NA	NA	correct	NA	Q_ADJ2	R_COLOR_ADJ2	S_COLOR
1	NA	NA	NA	NA	NA	NA	the red twawlsy fict	NA	NA	NA	NA	NA	NA	88	NA	NA	correct	NA	Q_ADJ1_ADJ2	R_COLOR_ADJ2	S_COLOR_ADJ1
1	NA	NA	NA	NA	NA	NA	the red fict	NA	NA	NA	NA	NA	NA	89	NA	NA	correct	NA	Q_ADJ2	R_COLOR_ADJ2	S_COLOR
1	NA	NA	NA	NA	NA	NA	the green fict	NA	NA	NA	NA	NA	NA	90	NA	NA	correct	NA	Q_ADJ2	R_COLOR_ADJ2	S_COLOR
1	NA	NA	NA	NA	NA	NA	the green twawlsy fict	NA	NA	NA	NA	NA	NA	91	NA	NA	correct	NA	Q_ADJ1_ADJ2	R_COLOR_ADJ2	S_COLOR_ADJ1
1	NA	NA	NA	NA	NA	NA	the blue twawlsy fict	NA	NA	NA	NA	NA	NA	92	NA	NA	correct	NA	Q_ADJ1_ADJ2	R_COLOR_ADJ2	S_COLOR_ADJ1
1	NA	NA	NA	NA	NA	NA	the red twawlsy fict	NA	NA	NA	NA	NA	NA	93	NA	NA	correct	NA	Q_ADJ1_ADJ2	R_COLOR_ADJ2	S_COLOR_ADJ1
1	NA	NA	NA	NA	NA	NA	the red fict	NA	NA	NA	NA	NA	NA	94	NA	NA	correct	NA	Q_ADJ2	R_COLOR_ADJ2	S_COLOR
1	NA	NA	NA	NA	NA	NA	the fict	NA	NA	NA	NA	NA	NA	95	NA	NA	correct	NA	Q_ADJ2	R_ADJ2	S_
1	NA	NA	NA	NA	NA	NA	the red twawlsy spaceship	NA	NA	NA	NA	NA	NA	96	NA	NA	correct	NA	Q_ADJ1	R_COLOR	S_COLOR_ADJ1
1	NA	NA	NA	NA	NA	NA	the green twawlsy fict	NA	NA	NA	NA	NA	NA	97	NA	NA	correct	NA	Q_ADJ1_ADJ2	R_COLOR_ADJ2	S_COLOR_ADJ1
1	NA	NA	NA	NA	NA	NA	the red fict	NA	NA	NA	NA	NA	NA	98	NA	NA	correct	NA	Q_ADJ2	R_COLOR_ADJ2	S_COLOR
1	NA	NA	NA	NA	NA	NA	the red spaceship	NA	NA	NA	NA	NA	NA	99	NA	NA	correct	NA	Q_	R_COLOR	S_COLOR
1	NA	NA	NA	NA	NA	NA	the blue twawlsy spaceship	NA	NA	NA	NA	NA	NA	100	NA	NA	correct	NA	Q_ADJ1	R_COLOR	S_COLOR_ADJ1
1	NA	NA	NA	NA	NA	NA	the red twawlsy fict	NA	NA	NA	NA	NA	NA	101	NA	NA	correct	NA	Q_ADJ1_ADJ2	R_COLOR_ADJ2	S_COLOR_ADJ1
1	NA	NA	NA	NA	NA	NA	the green twawlsy fict	NA	NA	NA	NA	NA	NA	102	NA	NA	correct	NA	Q_ADJ1_ADJ2	R_COLOR_ADJ2	S_COLOR_ADJ1
1	NA	NA	NA	NA	NA	NA	the blue fict	NA	NA	NA	NA	NA	NA	103	NA	NA	correct	NA	Q_ADJ2	R_COLOR_ADJ2	S_COLOR
1	NA	NA	NA	NA	NA	NA	the green twawlsy fict	NA	NA	NA	NA	NA	NA	104	NA	NA	correct	NA	Q_ADJ1_ADJ2	R_COLOR_ADJ2	S_COLOR_ADJ1
1	NA	NA	NA	NA	NA	NA	the green fict	NA	NA	NA	NA	NA	NA	105	NA	NA	correct	NA	Q_ADJ2	R_COLOR_ADJ2	S_COLOR
1	NA	NA	NA	NA	NA	NA	the green twawlsy fict	NA	NA	NA	NA	NA	NA	106	NA	NA	correct	NA	Q_ADJ1_ADJ2	R_COLOR_ADJ2	S_COLOR_ADJ1
1	NA	NA	NA	NA	NA	NA	the green spaceship	NA	NA	NA	NA	NA	NA	107	NA	NA	correct	NA	Q_	R_COLOR	S_COLOR
1	NA	NA	NA	NA	NA	NA	the red fict	NA	NA	NA	NA	NA	NA	109	NA	NA	correct	NA	Q_ADJ2	R_COLOR_ADJ2	S_COLOR
1	NA	NA	NA	NA	NA	NA	NA	NA	NA	0	NA	NA	NA	136	red	fict	NA	NA	NA	NA	NA
1	NA	NA	NA	NA	NA	NA	NA	NA	NA	0	NA	NA	NA	137	big	green	NA	NA	NA	NA	NA
1	NA	NA	NA	NA	NA	NA	NA	NA	NA	0	NA	NA	NA	138	green	twawlsy	NA	NA	NA	NA	NA
1	NA	NA	NA	NA	NA	NA	NA	NA	NA	1	NA	NA	NA	139	twawlsy	big	NA	NA	NA	NA	NA
1	NA	NA	NA	NA	NA	NA	NA	NA	NA	1	NA	NA	NA	140	twawlsy	fict	NA	NA	NA	NA	NA
1	NA	NA	NA	NA	NA	NA	NA	NA	NA	1	NA	NA	NA	141	twawlsy	small	NA	NA	NA	NA	NA
1	NA	NA	NA	NA	NA	NA	NA	NA	NA	0	NA	NA	NA	142	small	blue	NA	NA	NA	NA	NA
1	NA	NA	NA	NA	NA	NA	NA	NA	NA	0	NA	NA	NA	143	small	blue	NA	NA	NA	NA	NA
1	NA	NA	NA	NA	NA	NA	NA	NA	NA	0	NA	NA	NA	144	red	twawlsy	NA	NA	NA	NA	NA
1	NA	NA	NA	NA	NA	NA	NA	NA	NA	1	NA	NA	NA	145	fict	small	NA	NA	NA	NA	NA
1	NA	NA	NA	NA	NA	NA	NA	NA	NA	0	NA	NA	NA	146	blue	fict	NA	NA	NA	NA	NA
1	NA	NA	NA	NA	NA	NA	NA	NA	NA	1	NA	NA	NA	147	fict	green	NA	NA	NA	NA	NA
1	NA	NA	NA	NA	NA	NA	NA	NA	NA	0	NA	NA	NA	148	blue	twawlsy	NA	NA	NA	NA	NA
1	NA	NA	NA	NA	NA	NA	NA	NA	NA	0.02	NA	NA	NA	149	big	fict	NA	NA	NA	NA	NA
1	NA	NA	NA	twawlsy	NA	I like ships that have this color, like this...	NA	NA	NA	0.99	NA	NA	NA	151	twawlsy	red	NA	NA	NA	NA	NA
1	NA	NA	NA	green	NA	Ugh, I hate flying this...	NA	NA	NA	1	NA	NA	NA	152	fict	green	NA	NA	NA	NA	NA
1	NA	NA	NA	green	NA	What a nice color. I like flying this...	NA	NA	NA	0	NA	NA	NA	153	green	twawlsy	NA	NA	NA	NA	NA
1	NA	NA	NA	NONE	NA	Wow -- I like this...	NA	NA	NA	0	NA	NA	NA	154	blue	fict	NA	NA	NA	NA	NA
1	NA	NA	NA	fict	NA	On our planet, many aliens fly ships like this...	NA	NA	NA	0.99	NA	NA	NA	155	fict	blue	NA	NA	NA	NA	NA
1	NA	NA	NA	fict	NA	My first ship had the same shape as this...	NA	NA	NA	0.01	NA	NA	NA	156	fict	twawlsy	NA	NA	NA	NA	NA
1	NA	NA	NA	fict	NA	I like ships of this type. My favorite one is this...	NA	NA	NA	0.02	NA	NA	NA	157	fict	twawlsy	NA	NA	NA	NA	NA
1	NA	NA	NA	NONE	NA	My friend used to fly this...	NA	NA	NA	0.02	NA	NA	NA	158	red	twawlsy	NA	NA	NA	NA	NA
1	NA	NA	NA	fict	NA	I really don&quotechart like ships like this...	NA	NA	NA	0.01	NA	NA	NA	159	blue	fict	NA	NA	NA	NA	NA
1	NA	NA	NA	twawlsy	NA	For long distances, I use this...	NA	NA	NA	0.05	NA	NA	NA	160	green	twawlsy	NA	NA	NA	NA	NA
1	NA	NA	NA	twawlsy	NA	Humans think all of our ships look like this...	NA	NA	NA	0.98	NA	NA	NA	161	twawlsy	blue	NA	NA	NA	NA	NA
1	NA	NA	0.03	NA	NA	NA	NA	[1, 0]	0.76	NA	NA	NA	NA	162	NA	NA	NA	NA	NA	NA	NA
1	NA	NA	NA	NA	NA	NA	NA	[1, 0]	NA	NA	NA	NA	The specific shape of the one spaceship	163	NA	NA	NA	Bigger number of legs on the spaceship	NA	NA	NA
1	NA	NA	NA	NA	0.09	NA	NA	[1, 0]	NA	NA	NA	0.81	NA	164	NA	NA	NA	NA	NA	NA	NA
2	kolch	first	NA	NA	NA	NA	NA	NA	NA	NA	first	NA	NA	6	NA	NA	NA	NA	NA	NA	NA
2	joidsy	first	NA	NA	NA	NA	NA	NA	NA	NA	first	NA	NA	7	NA	NA	NA	NA	NA	NA	NA
2	kolch	second	NA	NA	NA	NA	NA	NA	NA	NA	second	NA	NA	8	NA	NA	NA	NA	NA	NA	NA
2	kolch	first	NA	NA	NA	NA	NA	NA	NA	NA	first	NA	NA	9	NA	NA	NA	NA	NA	NA	NA
2	joidsy	second	NA	NA	NA	NA	NA	NA	NA	NA	second	NA	NA	10	NA	NA	NA	NA	NA	NA	NA
2	kolch	second	NA	NA	NA	NA	NA	NA	NA	NA	second	NA	NA	11	NA	NA	NA	NA	NA	NA	NA
2	kolch	second	NA	NA	NA	NA	NA	NA	NA	NA	second	NA	NA	12	NA	NA	NA	NA	NA	NA	NA
2	kolch	second	NA	NA	NA	NA	NA	NA	NA	NA	second	NA	NA	13	NA	NA	NA	NA	NA	NA	NA
2	joidsy	first	NA	NA	NA	NA	NA	NA	NA	NA	first	NA	NA	14	NA	NA	NA	NA	NA	NA	NA
2	joidsy	first	NA	NA	NA	NA	NA	NA	NA	NA	first	NA	NA	15	NA	NA	NA	NA	NA	NA	NA
2	joidsy	first	NA	NA	NA	NA	NA	NA	NA	NA	first	NA	NA	16	NA	NA	NA	NA	NA	NA	NA
2	joidsy	second	NA	NA	NA	NA	NA	NA	NA	NA	second	NA	NA	17	NA	NA	NA	NA	NA	NA	NA
2	joidsy	first	NA	NA	NA	NA	NA	NA	NA	NA	first	NA	NA	18	NA	NA	NA	NA	NA	NA	NA
2	joidsy	first	NA	NA	NA	NA	NA	NA	NA	NA	first	NA	NA	19	NA	NA	NA	NA	NA	NA	NA
2	kolch	first	NA	NA	NA	NA	NA	NA	NA	NA	first	NA	NA	20	NA	NA	NA	NA	NA	NA	NA
2	joidsy	first	NA	NA	NA	NA	NA	NA	NA	NA	first	NA	NA	21	NA	NA	NA	NA	NA	NA	NA
2	joidsy	second	NA	NA	NA	NA	NA	NA	NA	NA	second	NA	NA	22	NA	NA	NA	NA	NA	NA	NA
2	kolch	first	NA	NA	NA	NA	NA	NA	NA	NA	first	NA	NA	23	NA	NA	NA	NA	NA	NA	NA
2	kolch	first	NA	NA	NA	NA	NA	NA	NA	NA	first	NA	NA	24	NA	NA	NA	NA	NA	NA	NA
2	joidsy	second	NA	NA	NA	NA	NA	NA	NA	NA	second	NA	NA	25	NA	NA	NA	NA	NA	NA	NA
2	kolch	first	NA	NA	NA	NA	NA	NA	NA	NA	first	NA	NA	26	NA	NA	NA	NA	NA	NA	NA
2	kolch	second	NA	NA	NA	NA	NA	NA	NA	NA	second	NA	NA	27	NA	NA	NA	NA	NA	NA	NA
2	kolch	first	NA	NA	NA	NA	NA	NA	NA	NA	first	NA	NA	28	NA	NA	NA	NA	NA	NA	NA
2	kolch	second	NA	NA	NA	NA	NA	NA	NA	NA	second	NA	NA	29	NA	NA	NA	NA	NA	NA	NA
2	joidsy	first	NA	NA	NA	NA	NA	NA	NA	NA	first	NA	NA	30	NA	NA	NA	NA	NA	NA	NA
2	joidsy	second	NA	NA	NA	NA	NA	NA	NA	NA	second	NA	NA	31	NA	NA	NA	NA	NA	NA	NA
2	joidsy	first	NA	NA	NA	NA	NA	NA	NA	NA	first	NA	NA	32	NA	NA	NA	NA	NA	NA	NA
2	joidsy	second	NA	NA	NA	NA	NA	NA	NA	NA	second	NA	NA	33	NA	NA	NA	NA	NA	NA	NA
2	joidsy	second	NA	NA	NA	NA	NA	NA	NA	NA	second	NA	NA	34	NA	NA	NA	NA	NA	NA	NA
2	kolch	first	NA	NA	NA	NA	NA	NA	NA	NA	first	NA	NA	35	NA	NA	NA	NA	NA	NA	NA
2	kolch	second	NA	NA	NA	NA	NA	NA	NA	NA	second	NA	NA	36	NA	NA	NA	NA	NA	NA	NA
2	kolch	second	NA	NA	NA	NA	NA	NA	NA	NA	second	NA	NA	37	NA	NA	NA	NA	NA	NA	NA
2	joidsy	first	NA	NA	NA	NA	NA	NA	NA	NA	first	NA	NA	38	NA	NA	NA	NA	NA	NA	NA
2	joidsy	second	NA	NA	NA	NA	NA	NA	NA	NA	first	NA	NA	39	NA	NA	NA	NA	NA	NA	NA
2	kolch	first	NA	NA	NA	NA	NA	NA	NA	NA	first	NA	NA	40	NA	NA	NA	NA	NA	NA	NA
2	kolch	first	NA	NA	NA	NA	NA	NA	NA	NA	first	NA	NA	41	NA	NA	NA	NA	NA	NA	NA
2	kolch	second	NA	NA	NA	NA	NA	NA	NA	NA	second	NA	NA	42	NA	NA	NA	NA	NA	NA	NA
2	joidsy	first	NA	NA	NA	NA	NA	NA	NA	NA	first	NA	NA	43	NA	NA	NA	NA	NA	NA	NA
2	joidsy	first	NA	NA	NA	NA	NA	NA	NA	NA	first	NA	NA	44	NA	NA	NA	NA	NA	NA	NA
2	joidsy	first	NA	NA	NA	NA	NA	NA	NA	NA	first	NA	NA	45	NA	NA	NA	NA	NA	NA	NA
2	joidsy	first	NA	NA	NA	NA	NA	NA	NA	NA	first	NA	NA	46	NA	NA	NA	NA	NA	NA	NA
2	kolch	second	NA	NA	NA	NA	NA	NA	NA	NA	second	NA	NA	47	NA	NA	NA	NA	NA	NA	NA
2	kolch	first	NA	NA	NA	NA	NA	NA	NA	NA	first	NA	NA	48	NA	NA	NA	NA	NA	NA	NA
2	kolch	second	NA	NA	NA	NA	NA	NA	NA	NA	second	NA	NA	49	NA	NA	NA	NA	NA	NA	NA
2	kolch	second	NA	NA	NA	NA	NA	NA	NA	NA	second	NA	NA	50	NA	NA	NA	NA	NA	NA	NA
2	joidsy	second	NA	NA	NA	NA	NA	NA	NA	NA	second	NA	NA	51	NA	NA	NA	NA	NA	NA	NA
2	joidsy	first	NA	NA	NA	NA	NA	NA	NA	NA	first	NA	NA	52	NA	NA	NA	NA	NA	NA	NA
2	kolch	first	NA	NA	NA	NA	NA	NA	NA	NA	first	NA	NA	53	NA	NA	NA	NA	NA	NA	NA
2	NA	NA	NA	NA	NA	NA	the kolch blue joidsy the	NA	NA	NA	NA	NA	NA	55	NA	NA	correct	NA	Q_ADJ1_ADJ2	R_COLOR_ADJ2	S_ADJ1_COLOR
2	NA	NA	NA	NA	NA	NA	the green joidsy spaceship 	NA	NA	NA	NA	NA	NA	56	NA	NA	correct	NA	Q_ADJ2	R_COLOR_ADJ2	S_COLOR
2	NA	NA	NA	NA	NA	NA	the kolch green spaceship 	NA	NA	NA	NA	NA	NA	57	NA	NA	correct	NA	Q_ADJ1	R_COLOR	S_ADJ1_COLOR
2	NA	NA	NA	NA	NA	NA	the red joidsy spaceship 	NA	NA	NA	NA	NA	NA	58	NA	NA	correct	NA	Q_ADJ2	R_COLOR_ADJ2	S_COLOR
2	NA	NA	NA	NA	NA	NA	the kolch red joidsy spaceship	NA	NA	NA	NA	NA	NA	59	NA	NA	correct	NA	Q_ADJ1_ADJ2	R_COLOR_ADJ2	S_ADJ1_COLOR
2	NA	NA	NA	NA	NA	NA	the kolch red joidsy spaceship	NA	NA	NA	NA	NA	NA	60	NA	NA	correct	NA	Q_ADJ1_ADJ2	R_COLOR_ADJ2	S_ADJ1_COLOR
2	NA	NA	NA	NA	NA	NA	the kolch blue joidsy spaceship	NA	NA	NA	NA	NA	NA	61	NA	NA	correct	NA	Q_ADJ1_ADJ2	R_COLOR_ADJ2	S_ADJ1_COLOR
2	NA	NA	NA	NA	NA	NA	the kolch green joidsy spaceship	NA	NA	NA	NA	NA	NA	62	NA	NA	correct	NA	Q_ADJ1_ADJ2	R_COLOR_ADJ2	S_ADJ1_COLOR
2	NA	NA	NA	NA	NA	NA	the kolch red joidsy spaceship	NA	NA	NA	NA	NA	NA	63	NA	NA	correct	NA	Q_ADJ1_ADJ2	R_COLOR_ADJ2	S_ADJ1_COLOR
2	NA	NA	NA	NA	NA	NA	the kolch green spaceship 	NA	NA	NA	NA	NA	NA	64	NA	NA	correct	NA	Q_ADJ1	R_COLOR	S_ADJ1_COLOR
2	NA	NA	NA	NA	NA	NA	the kolch blue joidsy spaceship	NA	NA	NA	NA	NA	NA	65	NA	NA	correct	NA	Q_ADJ1_ADJ2	R_COLOR_ADJ2	S_ADJ1_COLOR
2	NA	NA	NA	NA	NA	NA	the kolch red joidsy spaceship	NA	NA	NA	NA	NA	NA	66	NA	NA	correct	NA	Q_ADJ1_ADJ2	R_COLOR_ADJ2	S_ADJ1_COLOR
2	NA	NA	NA	NA	NA	NA	the kolch red joidsy spaceship	NA	NA	NA	NA	NA	NA	67	NA	NA	correct	NA	Q_ADJ1_ADJ2	R_COLOR_ADJ2	S_ADJ1_COLOR
2	NA	NA	NA	NA	NA	NA	the kolch red joidsy spaceship	NA	NA	NA	NA	NA	NA	68	NA	NA	correct	NA	Q_ADJ1_ADJ2	R_COLOR_ADJ2	S_ADJ1_COLOR
2	NA	NA	NA	NA	NA	NA	the red joidsy spaceship 	NA	NA	NA	NA	NA	NA	69	NA	NA	correct	NA	Q_ADJ2	R_COLOR_ADJ2	S_COLOR
2	NA	NA	NA	NA	NA	NA	the blue joidsy spaceship 	NA	NA	NA	NA	NA	NA	70	NA	NA	correct	NA	Q_ADJ2	R_COLOR_ADJ2	S_COLOR
2	NA	NA	NA	NA	NA	NA	the green joidsy spaceship 	NA	NA	NA	NA	NA	NA	71	NA	NA	correct	NA	Q_ADJ2	R_COLOR_ADJ2	S_COLOR
2	NA	NA	NA	NA	NA	NA	the kolch red joidsy spaceship	NA	NA	NA	NA	NA	NA	72	NA	NA	correct	NA	Q_ADJ1_ADJ2	R_COLOR_ADJ2	S_ADJ1_COLOR
2	NA	NA	NA	NA	NA	NA	the kolch green joidsy spaceship	NA	NA	NA	NA	NA	NA	73	NA	NA	correct	NA	Q_ADJ1_ADJ2	R_COLOR_ADJ2	S_ADJ1_COLOR
2	NA	NA	NA	NA	NA	NA	the kolch red joidsy spaceship	NA	NA	NA	NA	NA	NA	74	NA	NA	correct	NA	Q_ADJ1_ADJ2	R_COLOR_ADJ2	S_ADJ1_COLOR
2	NA	NA	NA	NA	NA	NA	the kolch blue spaceship 	NA	NA	NA	NA	NA	NA	75	NA	NA	correct	NA	Q_ADJ1	R_COLOR	S_ADJ1_COLOR
2	NA	NA	NA	NA	NA	NA	the kolch green joidsy spaceship	NA	NA	NA	NA	NA	NA	76	NA	NA	correct	NA	Q_ADJ1_ADJ2	R_COLOR_ADJ2	S_ADJ1_COLOR
2	NA	NA	NA	NA	NA	NA	the kolch blue joidsy spaceship	NA	NA	NA	NA	NA	NA	77	NA	NA	correct	NA	Q_ADJ1_ADJ2	R_COLOR_ADJ2	S_ADJ1_COLOR
2	NA	NA	NA	NA	NA	NA	the green joidsy spaceship 	NA	NA	NA	NA	NA	NA	78	NA	NA	correct	NA	Q_ADJ2	R_COLOR_ADJ2	S_COLOR
2	NA	NA	NA	NA	NA	NA	the kolch blue spaceship 	NA	NA	NA	NA	NA	NA	79	NA	NA	correct	NA	Q_ADJ1	R_COLOR	S_ADJ1_COLOR
2	NA	NA	NA	NA	NA	NA	the kolch blue joidsy spaceship	NA	NA	NA	NA	NA	NA	80	NA	NA	correct	NA	Q_ADJ1_ADJ2	R_COLOR_ADJ2	S_ADJ1_COLOR
2	NA	NA	NA	NA	NA	NA	the green joidsy spaceship	NA	NA	NA	NA	NA	NA	82	NA	NA	correct	NA	Q_ADJ2	R_COLOR_ADJ2	S_COLOR
2	NA	NA	NA	NA	NA	NA	the kolch blue joidsy spaceship	NA	NA	NA	NA	NA	NA	83	NA	NA	correct	NA	Q_ADJ1_ADJ2	R_COLOR_ADJ2	S_ADJ1_COLOR
2	NA	NA	NA	NA	NA	NA	the kolch green spaceship	NA	NA	NA	NA	NA	NA	84	NA	NA	correct	NA	Q_ADJ1	R_COLOR	S_ADJ1_COLOR
2	NA	NA	NA	NA	NA	NA	the kolch green spaceship	NA	NA	NA	NA	NA	NA	85	NA	NA	correct	NA	Q_ADJ1	R_COLOR	S_ADJ1_COLOR
2	NA	NA	NA	NA	NA	NA	the kolch red joidsy spaceship	NA	NA	NA	NA	NA	NA	86	NA	NA	correct	NA	Q_ADJ1_ADJ2	R_COLOR_ADJ2	S_ADJ1_COLOR
2	NA	NA	NA	NA	NA	NA	the kolch blue joidsy spaceship	NA	NA	NA	NA	NA	NA	87	NA	NA	correct	NA	Q_ADJ1_ADJ2	R_COLOR_ADJ2	S_ADJ1_COLOR
2	NA	NA	NA	NA	NA	NA	the kolch green joidsy spaceship	NA	NA	NA	NA	NA	NA	88	NA	NA	correct	NA	Q_ADJ1_ADJ2	R_COLOR_ADJ2	S_ADJ1_COLOR
2	NA	NA	NA	NA	NA	NA	the kolch red joidsy spaceship	NA	NA	NA	NA	NA	NA	89	NA	NA	correct	NA	Q_ADJ1_ADJ2	R_COLOR_ADJ2	S_ADJ1_COLOR
2	NA	NA	NA	NA	NA	NA	the kolch red joidsy spaceship	NA	NA	NA	NA	NA	NA	90	NA	NA	correct	NA	Q_ADJ1_ADJ2	R_COLOR_ADJ2	S_ADJ1_COLOR
2	NA	NA	NA	NA	NA	NA	the green joidsy spaceship	NA	NA	NA	NA	NA	NA	91	NA	NA	correct	NA	Q_ADJ2	R_COLOR_ADJ2	S_COLOR
2	NA	NA	NA	NA	NA	NA	the green joidsy spaceship	NA	NA	NA	NA	NA	NA	92	NA	NA	correct	NA	Q_ADJ2	R_COLOR_ADJ2	S_COLOR
2	NA	NA	NA	NA	NA	NA	the kolch blue joidsy spaceship	NA	NA	NA	NA	NA	NA	93	NA	NA	correct	NA	Q_ADJ1_ADJ2	R_COLOR_ADJ2	S_ADJ1_COLOR
2	NA	NA	NA	NA	NA	NA	the kolch red joidsy spaceship	NA	NA	NA	NA	NA	NA	94	NA	NA	correct	NA	Q_ADJ1_ADJ2	R_COLOR_ADJ2	S_ADJ1_COLOR
2	NA	NA	NA	NA	NA	NA	the kolch blue spaceship	NA	NA	NA	NA	NA	NA	95	NA	NA	correct	NA	Q_ADJ1	R_COLOR	S_ADJ1_COLOR
2	NA	NA	NA	NA	NA	NA	the kolch blue spaceship	NA	NA	NA	NA	NA	NA	96	NA	NA	correct	NA	Q_ADJ1	R_COLOR	S_ADJ1_COLOR
2	NA	NA	NA	NA	NA	NA	the kolch red joidsy spaceship	NA	NA	NA	NA	NA	NA	97	NA	NA	correct	NA	Q_ADJ1_ADJ2	R_COLOR_ADJ2	S_ADJ1_COLOR
2	NA	NA	NA	NA	NA	NA	the kolch red joidsy spaceship	NA	NA	NA	NA	NA	NA	98	NA	NA	correct	NA	Q_ADJ1_ADJ2	R_COLOR_ADJ2	S_ADJ1_COLOR
2	NA	NA	NA	NA	NA	NA	the kolch green joidsy spaceship	NA	NA	NA	NA	NA	NA	99	NA	NA	correct	NA	Q_ADJ1_ADJ2	R_COLOR_ADJ2	S_ADJ1_COLOR
2	NA	NA	NA	NA	NA	NA	the kolch green joidsy spaceship	NA	NA	NA	NA	NA	NA	100	NA	NA	correct	NA	Q_ADJ1_ADJ2	R_COLOR_ADJ2	S_ADJ1_COLOR
2	NA	NA	NA	NA	NA	NA	the kolch red joidsy spaceship	NA	NA	NA	NA	NA	NA	101	NA	NA	correct	NA	Q_ADJ1_ADJ2	R_COLOR_ADJ2	S_ADJ1_COLOR
2	NA	NA	NA	NA	NA	NA	the blue joidsy spaceship	NA	NA	NA	NA	NA	NA	102	NA	NA	correct	NA	Q_ADJ2	R_COLOR_ADJ2	S_COLOR
2	NA	NA	NA	NA	NA	NA	the kolch blue joidsy spaceship	NA	NA	NA	NA	NA	NA	103	NA	NA	correct	NA	Q_ADJ1_ADJ2	R_COLOR_ADJ2	S_ADJ1_COLOR
2	NA	NA	NA	NA	NA	NA	the kolch red joidsy spaceship	NA	NA	NA	NA	NA	NA	104	NA	NA	correct	NA	Q_ADJ1_ADJ2	R_COLOR_ADJ2	S_ADJ1_COLOR
2	NA	NA	NA	NA	NA	NA	the red joidsy spaceship	NA	NA	NA	NA	NA	NA	105	NA	NA	correct	NA	Q_ADJ2	R_COLOR_ADJ2	S_COLOR
2	NA	NA	NA	NA	NA	NA	the kolch blue joidsy spaceship	NA	NA	NA	NA	NA	NA	106	NA	NA	correct	NA	Q_ADJ1_ADJ2	R_COLOR_ADJ2	S_ADJ1_COLOR
2	NA	NA	NA	NA	NA	NA	the kolch red joidsy spaceship	NA	NA	NA	NA	NA	NA	107	NA	NA	correct	NA	Q_ADJ1_ADJ2	R_COLOR_ADJ2	S_ADJ1_COLOR
2	NA	NA	NA	NA	NA	NA	the kolch blue joidy spaceship	NA	NA	NA	NA	NA	NA	109	NA	NA	correct	NA	Q_ADJ1	R_COLOR	S_ADJ1_COLOR
2	NA	NA	NA	NA	NA	NA	NA	NA	NA	1	NA	NA	NA	136	joidsy	small	NA	NA	NA	NA	NA
2	NA	NA	NA	NA	NA	NA	NA	NA	NA	0	NA	NA	NA	137	green	joidsy	NA	NA	NA	NA	NA
2	NA	NA	NA	NA	NA	NA	NA	NA	NA	0	NA	NA	NA	138	big	kolch	NA	NA	NA	NA	NA
2	NA	NA	NA	NA	NA	NA	NA	NA	NA	0	NA	NA	NA	139	red	joidsy	NA	NA	NA	NA	NA
2	NA	NA	NA	NA	NA	NA	NA	NA	NA	0	NA	NA	NA	140	blue	joidsy	NA	NA	NA	NA	NA
2	NA	NA	NA	NA	NA	NA	NA	NA	NA	0.53	NA	NA	NA	141	kolch	small	NA	NA	NA	NA	NA
2	NA	NA	NA	NA	NA	NA	NA	NA	NA	0	NA	NA	NA	142	kolch	green	NA	NA	NA	NA	NA
2	NA	NA	NA	NA	NA	NA	NA	NA	NA	0	NA	NA	NA	143	big	blue	NA	NA	NA	NA	NA
2	NA	NA	NA	NA	NA	NA	NA	NA	NA	0	NA	NA	NA	144	kolch	red	NA	NA	NA	NA	NA
2	NA	NA	NA	NA	NA	NA	NA	NA	NA	0	NA	NA	NA	145	kolch	joidsy	NA	NA	NA	NA	NA
2	NA	NA	NA	NA	NA	NA	NA	NA	NA	1	NA	NA	NA	146	blue	small	NA	NA	NA	NA	NA
2	NA	NA	NA	NA	NA	NA	NA	NA	NA	1	NA	NA	NA	147	blue	kolch	NA	NA	NA	NA	NA
2	NA	NA	NA	NA	NA	NA	NA	NA	NA	1	NA	NA	NA	148	joidsy	big	NA	NA	NA	NA	NA
2	NA	NA	NA	NA	NA	NA	NA	NA	NA	1	NA	NA	NA	149	green	small	NA	NA	NA	NA	NA
2	NA	NA	NA	joidsy	NA	I like ships of this type. My favorite one is this...	NA	NA	NA	0	NA	NA	NA	151	green	joidsy	NA	NA	NA	NA	NA
2	NA	NA	NA	joidsy	NA	On our planet, many aliens fly ships like this...	NA	NA	NA	1	NA	NA	NA	152	joidsy	red	NA	NA	NA	NA	NA
2	NA	NA	NA	joidsy	NA	I really don&quotechart like ships like this...	NA	NA	NA	1	NA	NA	NA	153	joidsy	kolch	NA	NA	NA	NA	NA
2	NA	NA	NA	green	NA	For long distances, I use this...	NA	NA	NA	0	NA	NA	NA	154	green	joidsy	NA	NA	NA	NA	NA
2	NA	NA	NA	green	NA	What a nice color. I like flying this...	NA	NA	NA	0	NA	NA	NA	155	kolch	green	NA	NA	NA	NA	NA
2	NA	NA	NA	joidsy	NA	Humans think all of our ships look like this...	NA	NA	NA	0	NA	NA	NA	156	kolch	joidsy	NA	NA	NA	NA	NA
2	NA	NA	NA	kolch	NA	I like ships that have this color, like this...	NA	NA	NA	0	NA	NA	NA	157	kolch	green	NA	NA	NA	NA	NA
2	NA	NA	NA	NONE	NA	Wow -- I like this...	NA	NA	NA	1	NA	NA	NA	158	joidsy	green	NA	NA	NA	NA	NA
2	NA	NA	NA	kolch	NA	My first ship had the same shape as this...	NA	NA	NA	1	NA	NA	NA	159	green	kolch	NA	NA	NA	NA	NA
2	NA	NA	NA	NONE	NA	My friend used to fly this...	NA	NA	NA	0	NA	NA	NA	160	kolch	red	NA	NA	NA	NA	NA
2	NA	NA	NA	kolch	NA	Ugh, I hate flying this...	NA	NA	NA	0	NA	NA	NA	161	kolch	red	NA	NA	NA	NA	NA
2	NA	NA	NA	NA	NA	NA	NA	[1, 0]	NA	NA	NA	NA	round, saucer-like	162	NA	NA	NA	spiny	NA	NA	NA
2	NA	NA	0.77	NA	NA	NA	NA	[1, 0]	0.74	NA	NA	NA	NA	163	NA	NA	NA	NA	NA	NA	NA
2	NA	NA	NA	NA	0.68	NA	NA	[1, 0]	NA	NA	NA	0.69	NA	164	NA	NA	NA	NA	NA	NA	NA
3	olm	second	NA	NA	NA	NA	NA	NA	NA	NA	second	NA	NA	6	NA	NA	NA	NA	NA	NA	NA
3	plachy	first	NA	NA	NA	NA	NA	NA	NA	NA	first	NA	NA	7	NA	NA	NA	NA	NA	NA	NA
3	plachy	second	NA	NA	NA	NA	NA	NA	NA	NA	second	NA	NA	8	NA	NA	NA	NA	NA	NA	NA
3	olm	first	NA	NA	NA	NA	NA	NA	NA	NA	first	NA	NA	9	NA	NA	NA	NA	NA	NA	NA
3	plachy	first	NA	NA	NA	NA	NA	NA	NA	NA	first	NA	NA	10	NA	NA	NA	NA	NA	NA	NA
3	olm	first	NA	NA	NA	NA	NA	NA	NA	NA	first	NA	NA	11	NA	NA	NA	NA	NA	NA	NA
3	plachy	second	NA	NA	NA	NA	NA	NA	NA	NA	second	NA	NA	12	NA	NA	NA	NA	NA	NA	NA
3	olm	first	NA	NA	NA	NA	NA	NA	NA	NA	first	NA	NA	13	NA	NA	NA	NA	NA	NA	NA
3	olm	first	NA	NA	NA	NA	NA	NA	NA	NA	first	NA	NA	14	NA	NA	NA	NA	NA	NA	NA
3	olm	first	NA	NA	NA	NA	NA	NA	NA	NA	first	NA	NA	15	NA	NA	NA	NA	NA	NA	NA
3	plachy	first	NA	NA	NA	NA	NA	NA	NA	NA	first	NA	NA	16	NA	NA	NA	NA	NA	NA	NA
3	plachy	first	NA	NA	NA	NA	NA	NA	NA	NA	first	NA	NA	17	NA	NA	NA	NA	NA	NA	NA
3	olm	first	NA	NA	NA	NA	NA	NA	NA	NA	first	NA	NA	18	NA	NA	NA	NA	NA	NA	NA
3	plachy	second	NA	NA	NA	NA	NA	NA	NA	NA	second	NA	NA	19	NA	NA	NA	NA	NA	NA	NA
3	olm	first	NA	NA	NA	NA	NA	NA	NA	NA	first	NA	NA	20	NA	NA	NA	NA	NA	NA	NA
3	olm	second	NA	NA	NA	NA	NA	NA	NA	NA	second	NA	NA	21	NA	NA	NA	NA	NA	NA	NA
3	plachy	second	NA	NA	NA	NA	NA	NA	NA	NA	second	NA	NA	22	NA	NA	NA	NA	NA	NA	NA
3	plachy	second	NA	NA	NA	NA	NA	NA	NA	NA	second	NA	NA	23	NA	NA	NA	NA	NA	NA	NA
3	plachy	second	NA	NA	NA	NA	NA	NA	NA	NA	second	NA	NA	24	NA	NA	NA	NA	NA	NA	NA
3	plachy	first	NA	NA	NA	NA	NA	NA	NA	NA	first	NA	NA	25	NA	NA	NA	NA	NA	NA	NA
3	olm	second	NA	NA	NA	NA	NA	NA	NA	NA	second	NA	NA	26	NA	NA	NA	NA	NA	NA	NA
3	olm	second	NA	NA	NA	NA	NA	NA	NA	NA	second	NA	NA	27	NA	NA	NA	NA	NA	NA	NA
3	plachy	first	NA	NA	NA	NA	NA	NA	NA	NA	first	NA	NA	28	NA	NA	NA	NA	NA	NA	NA
3	olm	first	NA	NA	NA	NA	NA	NA	NA	NA	first	NA	NA	29	NA	NA	NA	NA	NA	NA	NA
3	olm	second	NA	NA	NA	NA	NA	NA	NA	NA	second	NA	NA	30	NA	NA	NA	NA	NA	NA	NA
3	plachy	second	NA	NA	NA	NA	NA	NA	NA	NA	second	NA	NA	31	NA	NA	NA	NA	NA	NA	NA
3	olm	first	NA	NA	NA	NA	NA	NA	NA	NA	first	NA	NA	32	NA	NA	NA	NA	NA	NA	NA
3	olm	first	NA	NA	NA	NA	NA	NA	NA	NA	first	NA	NA	33	NA	NA	NA	NA	NA	NA	NA
3	olm	first	NA	NA	NA	NA	NA	NA	NA	NA	first	NA	NA	34	NA	NA	NA	NA	NA	NA	NA
3	plachy	second	NA	NA	NA	NA	NA	NA	NA	NA	second	NA	NA	35	NA	NA	NA	NA	NA	NA	NA
3	plachy	first	NA	NA	NA	NA	NA	NA	NA	NA	first	NA	NA	36	NA	NA	NA	NA	NA	NA	NA
3	olm	second	NA	NA	NA	NA	NA	NA	NA	NA	second	NA	NA	37	NA	NA	NA	NA	NA	NA	NA
3	plachy	first	NA	NA	NA	NA	NA	NA	NA	NA	first	NA	NA	38	NA	NA	NA	NA	NA	NA	NA
3	olm	second	NA	NA	NA	NA	NA	NA	NA	NA	second	NA	NA	39	NA	NA	NA	NA	NA	NA	NA
3	plachy	first	NA	NA	NA	NA	NA	NA	NA	NA	first	NA	NA	40	NA	NA	NA	NA	NA	NA	NA
3	olm	first	NA	NA	NA	NA	NA	NA	NA	NA	first	NA	NA	41	NA	NA	NA	NA	NA	NA	NA
3	olm	second	NA	NA	NA	NA	NA	NA	NA	NA	second	NA	NA	42	NA	NA	NA	NA	NA	NA	NA
3	olm	second	NA	NA	NA	NA	NA	NA	NA	NA	second	NA	NA	43	NA	NA	NA	NA	NA	NA	NA
3	plachy	second	NA	NA	NA	NA	NA	NA	NA	NA	second	NA	NA	44	NA	NA	NA	NA	NA	NA	NA
3	plachy	second	NA	NA	NA	NA	NA	NA	NA	NA	second	NA	NA	45	NA	NA	NA	NA	NA	NA	NA
3	olm	second	NA	NA	NA	NA	NA	NA	NA	NA	second	NA	NA	46	NA	NA	NA	NA	NA	NA	NA
3	plachy	first	NA	NA	NA	NA	NA	NA	NA	NA	first	NA	NA	47	NA	NA	NA	NA	NA	NA	NA
3	plachy	first	NA	NA	NA	NA	NA	NA	NA	NA	first	NA	NA	48	NA	NA	NA	NA	NA	NA	NA
3	olm	second	NA	NA	NA	NA	NA	NA	NA	NA	second	NA	NA	49	NA	NA	NA	NA	NA	NA	NA
3	plachy	second	NA	NA	NA	NA	NA	NA	NA	NA	second	NA	NA	50	NA	NA	NA	NA	NA	NA	NA
3	olm	second	NA	NA	NA	NA	NA	NA	NA	NA	second	NA	NA	51	NA	NA	NA	NA	NA	NA	NA
3	plachy	second	NA	NA	NA	NA	NA	NA	NA	NA	second	NA	NA	52	NA	NA	NA	NA	NA	NA	NA
3	plachy	first	NA	NA	NA	NA	NA	NA	NA	NA	first	NA	NA	53	NA	NA	NA	NA	NA	NA	NA
3	NA	NA	NA	NA	NA	NA	the plachy green olm spaceship	NA	NA	NA	NA	NA	NA	55	NA	NA	correct	NA	Q_ADJ2_ADJ1	R_ADJ2_COLOR	S_COLOR_ADJ1
3	NA	NA	NA	NA	NA	NA	the green olm spaceship 	NA	NA	NA	NA	NA	NA	56	NA	NA	correct	NA	Q_ADJ1	R_COLOR	S_COLOR_ADJ1
3	NA	NA	NA	NA	NA	NA	the blue plachy olm spaceship	NA	NA	NA	NA	NA	NA	57	NA	NA	correct	NA	Q_ADJ2_ADJ1	R_COLOR_ADJ2	S_COLOR_ADJ1
3	NA	NA	NA	NA	NA	NA	the red plachy olm spaceship	NA	NA	NA	NA	NA	NA	58	NA	NA	correct	NA	Q_ADJ2_ADJ1	R_COLOR_ADJ2	S_COLOR_ADJ1
3	NA	NA	NA	NA	NA	NA	the green olm spaceship 	NA	NA	NA	NA	NA	NA	59	NA	NA	correct	NA	Q_ADJ1	R_COLOR	S_COLOR_ADJ1
3	NA	NA	NA	NA	NA	NA	the blue olm spaceship 	NA	NA	NA	NA	NA	NA	60	NA	NA	correct	NA	Q_ADJ1	R_COLOR	S_COLOR_ADJ1
3	NA	NA	NA	NA	NA	NA	the red olm plachy spaceship	NA	NA	NA	NA	NA	NA	61	NA	NA	correct	NA	Q_ADJ1_ADJ2	R_COLOR_ADJ2	S_COLOR_ADJ1
3	NA	NA	NA	NA	NA	NA	the red olm spaceship 	NA	NA	NA	NA	NA	NA	62	NA	NA	correct	NA	Q_ADJ1	R_COLOR	S_COLOR_ADJ1
3	NA	NA	NA	NA	NA	NA	the blue plachy olm spaceship	NA	NA	NA	NA	NA	NA	63	NA	NA	correct	NA	Q_ADJ2_ADJ1	R_COLOR_ADJ2	S_COLOR_ADJ1
3	NA	NA	NA	NA	NA	NA	the red olm spaceship 	NA	NA	NA	NA	NA	NA	64	NA	NA	correct	NA	Q_ADJ1	R_COLOR	S_COLOR_ADJ1
3	NA	NA	NA	NA	NA	NA	the red olm spaceship 	NA	NA	NA	NA	NA	NA	65	NA	NA	correct	NA	Q_ADJ1	R_COLOR	S_COLOR_ADJ1
3	NA	NA	NA	NA	NA	NA	the red plachy olm spaceship	NA	NA	NA	NA	NA	NA	66	NA	NA	correct	NA	Q_ADJ2_ADJ1	R_COLOR_ADJ2	S_COLOR_ADJ1
3	NA	NA	NA	NA	NA	NA	the green plachy olm spaceship	NA	NA	NA	NA	NA	NA	67	NA	NA	correct	NA	Q_ADJ2_ADJ1	R_COLOR_ADJ2	S_COLOR_ADJ1
3	NA	NA	NA	NA	NA	NA	the green plachy olm spaceship	NA	NA	NA	NA	NA	NA	68	NA	NA	correct	NA	Q_ADJ2_ADJ1	R_COLOR_ADJ2	S_COLOR_ADJ1
3	NA	NA	NA	NA	NA	NA	the blue olm spaceship 	NA	NA	NA	NA	NA	NA	69	NA	NA	correct	NA	Q_ADJ1	R_COLOR	S_COLOR_ADJ1
3	NA	NA	NA	NA	NA	NA	the blue plachy olm spaceship	NA	NA	NA	NA	NA	NA	70	NA	NA	correct	NA	Q_ADJ2_ADJ1	R_COLOR_ADJ2	S_COLOR_ADJ1
3	NA	NA	NA	NA	NA	NA	the red plachy olm spaceship	NA	NA	NA	NA	NA	NA	71	NA	NA	correct	NA	Q_ADJ2_ADJ1	R_COLOR_ADJ2	S_COLOR_ADJ1
3	NA	NA	NA	NA	NA	NA	the blue plachy olm spaceship	NA	NA	NA	NA	NA	NA	72	NA	NA	correct	NA	Q_ADJ2_ADJ1	R_COLOR_ADJ2	S_COLOR_ADJ1
3	NA	NA	NA	NA	NA	NA	the green plachy olm spaceship	NA	NA	NA	NA	NA	NA	73	NA	NA	correct	NA	Q_ADJ2_ADJ1	R_COLOR_ADJ2	S_COLOR_ADJ1
3	NA	NA	NA	NA	NA	NA	the blue plachy olm spaceship	NA	NA	NA	NA	NA	NA	74	NA	NA	correct	NA	Q_ADJ2_ADJ1	R_COLOR_ADJ2	S_COLOR_ADJ1
3	NA	NA	NA	NA	NA	NA	the green plachy olm spaceship	NA	NA	NA	NA	NA	NA	75	NA	NA	correct	NA	Q_ADJ2_ADJ1	R_COLOR_ADJ2	S_COLOR_ADJ1
3	NA	NA	NA	NA	NA	NA	the green plachy olm spaceship	NA	NA	NA	NA	NA	NA	76	NA	NA	correct	NA	Q_ADJ2_ADJ1	R_COLOR_ADJ2	S_COLOR_ADJ1
3	NA	NA	NA	NA	NA	NA	the blue olm spaceship 	NA	NA	NA	NA	NA	NA	77	NA	NA	correct	NA	Q_ADJ1	R_COLOR	S_COLOR_ADJ1
3	NA	NA	NA	NA	NA	NA	the blue plachy olm spaceship	NA	NA	NA	NA	NA	NA	78	NA	NA	correct	NA	Q_ADJ2_ADJ1	R_COLOR_ADJ2	S_COLOR_ADJ1
3	NA	NA	NA	NA	NA	NA	the blue plachy olm spaceship	NA	NA	NA	NA	NA	NA	79	NA	NA	correct	NA	Q_ADJ2_ADJ1	R_COLOR_ADJ2	S_COLOR_ADJ1
3	NA	NA	NA	NA	NA	NA	the green plachy olm spaceship	NA	NA	NA	NA	NA	NA	80	NA	NA	correct	NA	Q_ADJ2_ADJ1	R_COLOR_ADJ2	S_COLOR_ADJ1
3	NA	NA	NA	NA	NA	NA	the green olm spaceship	NA	NA	NA	NA	NA	NA	82	NA	NA	correct	NA	Q_ADJ1	R_COLOR	S_COLOR_ADJ1
3	NA	NA	NA	NA	NA	NA	the red plachy olm spaceship	NA	NA	NA	NA	NA	NA	83	NA	NA	correct	NA	Q_ADJ2_ADJ1	R_COLOR_ADJ2	S_COLOR_ADJ1
3	NA	NA	NA	NA	NA	NA	the green plachy spaceship	NA	NA	NA	NA	NA	NA	84	NA	NA	correct	NA	Q_ADJ2	R_COLOR_ADJ2	S_COLOR
3	NA	NA	NA	NA	NA	NA	the green olm spaceship	NA	NA	NA	NA	NA	NA	85	NA	NA	correct	NA	Q_ADJ1	R_COLOR	S_COLOR_ADJ1
3	NA	NA	NA	NA	NA	NA	the blue olm spaceship	NA	NA	NA	NA	NA	NA	86	NA	NA	correct	NA	Q_ADJ1	R_COLOR	S_COLOR_ADJ1
3	NA	NA	NA	NA	NA	NA	the blue plachy olm spaceship	NA	NA	NA	NA	NA	NA	87	NA	NA	correct	NA	Q_ADJ2_ADJ1	R_COLOR_ADJ2	S_COLOR_ADJ1
3	NA	NA	NA	NA	NA	NA	the blue olm spaceship	NA	NA	NA	NA	NA	NA	88	NA	NA	correct	NA	Q_ADJ1	R_COLOR	S_COLOR_ADJ1
3	NA	NA	NA	NA	NA	NA	the green plachy olm spaceship	NA	NA	NA	NA	NA	NA	89	NA	NA	correct	NA	Q_ADJ2_ADJ1	R_COLOR_ADJ2	S_COLOR_ADJ1
3	NA	NA	NA	NA	NA	NA	the blue plachy olm spaceship	NA	NA	NA	NA	NA	NA	90	NA	NA	correct	NA	Q_ADJ2_ADJ1	R_COLOR_ADJ2	S_COLOR_ADJ1
3	NA	NA	NA	NA	NA	NA	the red olm spaceship	NA	NA	NA	NA	NA	NA	91	NA	NA	correct	NA	Q_ADJ1	R_COLOR	S_COLOR_ADJ1
3	NA	NA	NA	NA	NA	NA	the red plachy olm spaceship	NA	NA	NA	NA	NA	NA	92	NA	NA	correct	NA	Q_ADJ2_ADJ1	R_COLOR_ADJ2	S_COLOR_ADJ1
3	NA	NA	NA	NA	NA	NA	the blue plachy olm spaceship	NA	NA	NA	NA	NA	NA	93	NA	NA	correct	NA	Q_ADJ2_ADJ1	R_COLOR_ADJ2	S_COLOR_ADJ1
3	NA	NA	NA	NA	NA	NA	the blue plachy olm spaceship	NA	NA	NA	NA	NA	NA	94	NA	NA	correct	NA	Q_ADJ2_ADJ1	R_COLOR_ADJ2	S_COLOR_ADJ1
3	NA	NA	NA	NA	NA	NA	the green plachy olm spaceship	NA	NA	NA	NA	NA	NA	95	NA	NA	correct	NA	Q_ADJ2_ADJ1	R_COLOR_ADJ2	S_COLOR_ADJ1
3	NA	NA	NA	NA	NA	NA	the green plachy olm spaceship	NA	NA	NA	NA	NA	NA	96	NA	NA	correct	NA	Q_ADJ2_ADJ1	R_COLOR_ADJ2	S_COLOR_ADJ1
3	NA	NA	NA	NA	NA	NA	the blue plachy olm spaceship	NA	NA	NA	NA	NA	NA	97	NA	NA	correct	NA	Q_ADJ2_ADJ1	R_COLOR_ADJ2	S_COLOR_ADJ1
3	NA	NA	NA	NA	NA	NA	the blue plachy olm spaceship	NA	NA	NA	NA	NA	NA	98	NA	NA	correct	NA	Q_ADJ2_ADJ1	R_COLOR_ADJ2	S_COLOR_ADJ1
3	NA	NA	NA	NA	NA	NA	the red plachy spaceship	NA	NA	NA	NA	NA	NA	99	NA	NA	correct	NA	Q_ADJ2	R_COLOR_ADJ2	S_COLOR
3	NA	NA	NA	NA	NA	NA	the green plachy olm spaceship	NA	NA	NA	NA	NA	NA	100	NA	NA	correct	NA	Q_ADJ2_ADJ1	R_COLOR_ADJ2	S_COLOR_ADJ1
3	NA	NA	NA	NA	NA	NA	the green plachy olm spaceship	NA	NA	NA	NA	NA	NA	101	NA	NA	correct	NA	Q_ADJ2_ADJ1	R_COLOR_ADJ2	S_COLOR_ADJ1
3	NA	NA	NA	NA	NA	NA	the red olm spaceship	NA	NA	NA	NA	NA	NA	102	NA	NA	correct	NA	Q_ADJ1	R_COLOR	S_COLOR_ADJ1
3	NA	NA	NA	NA	NA	NA	the green plachy spaceship	NA	NA	NA	NA	NA	NA	103	NA	NA	correct	NA	Q_ADJ2	R_COLOR_ADJ2	S_COLOR
3	NA	NA	NA	NA	NA	NA	the blue olm spaceship	NA	NA	NA	NA	NA	NA	104	NA	NA	correct	NA	Q_ADJ1	R_COLOR	S_COLOR_ADJ1
3	NA	NA	NA	NA	NA	NA	the blue plachy olm spaceship	NA	NA	NA	NA	NA	NA	105	NA	NA	correct	NA	Q_ADJ2_ADJ1	R_COLOR_ADJ2	S_COLOR_ADJ1
3	NA	NA	NA	NA	NA	NA	the red plachy olm spaceship	NA	NA	NA	NA	NA	NA	106	NA	NA	correct	NA	Q_ADJ2_ADJ1	R_COLOR_ADJ2	S_COLOR_ADJ1
3	NA	NA	NA	NA	NA	NA	the red olm spaceship	NA	NA	NA	NA	NA	NA	107	NA	NA	correct	NA	Q_ADJ1	R_COLOR	S_COLOR_ADJ1
3	NA	NA	NA	NA	NA	NA	the green plachy olm spaceship	NA	NA	NA	NA	NA	NA	109	NA	NA	correct	NA	Q_ADJ2_ADJ1	R_COLOR_ADJ2	S_COLOR_ADJ1
3	NA	NA	NA	NA	NA	NA	NA	NA	NA	0	NA	NA	NA	136	blue	plachy	NA	NA	NA	NA	NA
3	NA	NA	NA	NA	NA	NA	NA	NA	NA	1	NA	NA	NA	137	olm	red	NA	NA	NA	NA	NA
3	NA	NA	NA	NA	NA	NA	NA	NA	NA	0	NA	NA	NA	138	small	olm	NA	NA	NA	NA	NA
3	NA	NA	NA	NA	NA	NA	NA	NA	NA	0	NA	NA	NA	139	plachy	green	NA	NA	NA	NA	NA
3	NA	NA	NA	NA	NA	NA	NA	NA	NA	0	NA	NA	NA	140	small	blue	NA	NA	NA	NA	NA
3	NA	NA	NA	NA	NA	NA	NA	NA	NA	1	NA	NA	NA	141	plachy	big	NA	NA	NA	NA	NA
3	NA	NA	NA	NA	NA	NA	NA	NA	NA	1	NA	NA	NA	142	green	small	NA	NA	NA	NA	NA
3	NA	NA	NA	NA	NA	NA	NA	NA	NA	0	NA	NA	NA	143	blue	olm	NA	NA	NA	NA	NA
3	NA	NA	NA	NA	NA	NA	NA	NA	NA	0	NA	NA	NA	144	small	green	NA	NA	NA	NA	NA
3	NA	NA	NA	NA	NA	NA	NA	NA	NA	0	NA	NA	NA	145	red	plachy	NA	NA	NA	NA	NA
3	NA	NA	NA	NA	NA	NA	NA	NA	NA	0	NA	NA	NA	146	green	olm	NA	NA	NA	NA	NA
3	NA	NA	NA	NA	NA	NA	NA	NA	NA	1	NA	NA	NA	147	olm	plachy	NA	NA	NA	NA	NA
3	NA	NA	NA	NA	NA	NA	NA	NA	NA	1	NA	NA	NA	148	olm	big	NA	NA	NA	NA	NA
3	NA	NA	NA	NA	NA	NA	NA	NA	NA	1	NA	NA	NA	149	small	plachy	NA	NA	NA	NA	NA
3	NA	NA	NA	plachy	NA	For long distances, I use this...	NA	NA	NA	1	NA	NA	NA	151	plachy	blue	NA	NA	NA	NA	NA
3	NA	NA	NA	olm	NA	Ugh, I hate flying this...	NA	NA	NA	0.03	NA	NA	NA	152	olm	green	NA	NA	NA	NA	NA
3	NA	NA	NA	olm	NA	On our planet, many aliens fly ships like this...	NA	NA	NA	1	NA	NA	NA	153	olm	blue	NA	NA	NA	NA	NA
3	NA	NA	NA	blue	NA	I like ships that have this color, like this...	NA	NA	NA	0	NA	NA	NA	154	plachy	blue	NA	NA	NA	NA	NA
3	NA	NA	NA	NONE	NA	Wow -- I like this...	NA	NA	NA	0.97	NA	NA	NA	155	blue	plachy	NA	NA	NA	NA	NA
3	NA	NA	NA	plachy	NA	What a nice color. I like flying this...	NA	NA	NA	0	NA	NA	NA	156	plachy	olm	NA	NA	NA	NA	NA
3	NA	NA	NA	plachy	NA	I like ships of this type. My favorite one is this...	NA	NA	NA	0	NA	NA	NA	157	plachy	olm	NA	NA	NA	NA	NA
3	NA	NA	NA	blue	NA	My first ship had the same shape as this...	NA	NA	NA	0	NA	NA	NA	158	blue	olm	NA	NA	NA	NA	NA
3	NA	NA	NA	NONE	NA	I really don&quotechart like ships like this...	NA	NA	NA	0	NA	NA	NA	159	blue	olm	NA	NA	NA	NA	NA
3	NA	NA	NA	olm	NA	Humans think all of our ships look like this...	NA	NA	NA	0	NA	NA	NA	160	red	olm	NA	NA	NA	NA	NA
3	NA	NA	NA	plachy	NA	My friend used to fly this...	NA	NA	NA	0.95	NA	NA	NA	161	green	plachy	NA	NA	NA	NA	NA
3	NA	NA	NA	NA	NA	NA	NA	[1, 0]	NA	NA	NA	NA	rocket shaped spaceship	162	NA	NA	NA	pointy	NA	NA	NA
3	NA	NA	0	NA	NA	NA	NA	[1, 0]	1	NA	NA	NA	NA	163	NA	NA	NA	NA	NA	NA	NA
3	NA	NA	NA	NA	0	NA	NA	[1, 0]	NA	NA	NA	0.67	NA	164	NA	NA	NA	NA	NA	NA	NA
4	lann	second	NA	NA	NA	NA	NA	NA	NA	NA	second	NA	NA	6	NA	NA	NA	NA	NA	NA	NA
4	ficty	second	NA	NA	NA	NA	NA	NA	NA	NA	second	NA	NA	7	NA	NA	NA	NA	NA	NA	NA
4	lann	second	NA	NA	NA	NA	NA	NA	NA	NA	second	NA	NA	8	NA	NA	NA	NA	NA	NA	NA
4	lann	first	NA	NA	NA	NA	NA	NA	NA	NA	first	NA	NA	9	NA	NA	NA	NA	NA	NA	NA
4	lann	first	NA	NA	NA	NA	NA	NA	NA	NA	first	NA	NA	10	NA	NA	NA	NA	NA	NA	NA
4	lann	first	NA	NA	NA	NA	NA	NA	NA	NA	first	NA	NA	11	NA	NA	NA	NA	NA	NA	NA
4	lann	first	NA	NA	NA	NA	NA	NA	NA	NA	first	NA	NA	12	NA	NA	NA	NA	NA	NA	NA
4	lann	second	NA	NA	NA	NA	NA	NA	NA	NA	second	NA	NA	13	NA	NA	NA	NA	NA	NA	NA
4	lann	first	NA	NA	NA	NA	NA	NA	NA	NA	first	NA	NA	14	NA	NA	NA	NA	NA	NA	NA
4	ficty	second	NA	NA	NA	NA	NA	NA	NA	NA	second	NA	NA	15	NA	NA	NA	NA	NA	NA	NA
4	lann	second	NA	NA	NA	NA	NA	NA	NA	NA	second	NA	NA	16	NA	NA	NA	NA	NA	NA	NA
4	ficty	first	NA	NA	NA	NA	NA	NA	NA	NA	first	NA	NA	17	NA	NA	NA	NA	NA	NA	NA
4	ficty	first	NA	NA	NA	NA	NA	NA	NA	NA	first	NA	NA	18	NA	NA	NA	NA	NA	NA	NA
4	ficty	first	NA	NA	NA	NA	NA	NA	NA	NA	first	NA	NA	19	NA	NA	NA	NA	NA	NA	NA
4	ficty	first	NA	NA	NA	NA	NA	NA	NA	NA	first	NA	NA	20	NA	NA	NA	NA	NA	NA	NA
4	ficty	first	NA	NA	NA	NA	NA	NA	NA	NA	first	NA	NA	21	NA	NA	NA	NA	NA	NA	NA
4	ficty	first	NA	NA	NA	NA	NA	NA	NA	NA	second	NA	NA	22	NA	NA	NA	NA	NA	NA	NA
4	lann	second	NA	NA	NA	NA	NA	NA	NA	NA	second	NA	NA	23	NA	NA	NA	NA	NA	NA	NA
4	lann	second	NA	NA	NA	NA	NA	NA	NA	NA	second	NA	NA	24	NA	NA	NA	NA	NA	NA	NA
4	ficty	first	NA	NA	NA	NA	NA	NA	NA	NA	first	NA	NA	25	NA	NA	NA	NA	NA	NA	NA
4	ficty	first	NA	NA	NA	NA	NA	NA	NA	NA	first	NA	NA	26	NA	NA	NA	NA	NA	NA	NA
4	ficty	first	NA	NA	NA	NA	NA	NA	NA	NA	first	NA	NA	27	NA	NA	NA	NA	NA	NA	NA
4	lann	second	NA	NA	NA	NA	NA	NA	NA	NA	second	NA	NA	28	NA	NA	NA	NA	NA	NA	NA
4	ficty	first	NA	NA	NA	NA	NA	NA	NA	NA	first	NA	NA	29	NA	NA	NA	NA	NA	NA	NA
4	ficty	first	NA	NA	NA	NA	NA	NA	NA	NA	first	NA	NA	30	NA	NA	NA	NA	NA	NA	NA
4	lann	first	NA	NA	NA	NA	NA	NA	NA	NA	first	NA	NA	31	NA	NA	NA	NA	NA	NA	NA
4	ficty	first	NA	NA	NA	NA	NA	NA	NA	NA	first	NA	NA	32	NA	NA	NA	NA	NA	NA	NA
4	lann	second	NA	NA	NA	NA	NA	NA	NA	NA	second	NA	NA	33	NA	NA	NA	NA	NA	NA	NA
4	ficty	first	NA	NA	NA	NA	NA	NA	NA	NA	first	NA	NA	34	NA	NA	NA	NA	NA	NA	NA
4	ficty	second	NA	NA	NA	NA	NA	NA	NA	NA	second	NA	NA	35	NA	NA	NA	NA	NA	NA	NA
4	lann	first	NA	NA	NA	NA	NA	NA	NA	NA	first	NA	NA	36	NA	NA	NA	NA	NA	NA	NA
4	lann	second	NA	NA	NA	NA	NA	NA	NA	NA	second	NA	NA	37	NA	NA	NA	NA	NA	NA	NA
4	ficty	first	NA	NA	NA	NA	NA	NA	NA	NA	first	NA	NA	38	NA	NA	NA	NA	NA	NA	NA
4	ficty	second	NA	NA	NA	NA	NA	NA	NA	NA	second	NA	NA	39	NA	NA	NA	NA	NA	NA	NA
4	ficty	first	NA	NA	NA	NA	NA	NA	NA	NA	first	NA	NA	40	NA	NA	NA	NA	NA	NA	NA
4	lann	second	NA	NA	NA	NA	NA	NA	NA	NA	second	NA	NA	41	NA	NA	NA	NA	NA	NA	NA
4	lann	first	NA	NA	NA	NA	NA	NA	NA	NA	first	NA	NA	42	NA	NA	NA	NA	NA	NA	NA
4	ficty	first	NA	NA	NA	NA	NA	NA	NA	NA	first	NA	NA	43	NA	NA	NA	NA	NA	NA	NA
4	lann	first	NA	NA	NA	NA	NA	NA	NA	NA	first	NA	NA	44	NA	NA	NA	NA	NA	NA	NA
4	lann	second	NA	NA	NA	NA	NA	NA	NA	NA	second	NA	NA	45	NA	NA	NA	NA	NA	NA	NA
4	ficty	first	NA	NA	NA	NA	NA	NA	NA	NA	first	NA	NA	46	NA	NA	NA	NA	NA	NA	NA
4	ficty	second	NA	NA	NA	NA	NA	NA	NA	NA	second	NA	NA	47	NA	NA	NA	NA	NA	NA	NA
4	ficty	first	NA	NA	NA	NA	NA	NA	NA	NA	first	NA	NA	48	NA	NA	NA	NA	NA	NA	NA
4	lann	second	NA	NA	NA	NA	NA	NA	NA	NA	second	NA	NA	49	NA	NA	NA	NA	NA	NA	NA
4	ficty	first	NA	NA	NA	NA	NA	NA	NA	NA	first	NA	NA	50	NA	NA	NA	NA	NA	NA	NA
4	lann	first	NA	NA	NA	NA	NA	NA	NA	NA	first	NA	NA	51	NA	NA	NA	NA	NA	NA	NA
4	lann	first	NA	NA	NA	NA	NA	NA	NA	NA	first	NA	NA	52	NA	NA	NA	NA	NA	NA	NA
4	lann	first	NA	NA	NA	NA	NA	NA	NA	NA	first	NA	NA	53	NA	NA	NA	NA	NA	NA	NA
4	NA	NA	NA	NA	NA	NA	    	NA	NA	NA	NA	NA	NA	55	NA	NA	underspecified	NA	Q_	R_	S_
4	NA	NA	NA	NA	NA	NA	the lann spaceship  	NA	NA	NA	NA	NA	NA	56	NA	NA	correct	NA	Q_ADJ2	R_ADJ2	S_
4	NA	NA	NA	NA	NA	NA	the ficty red spaceship 	NA	NA	NA	NA	NA	NA	57	NA	NA	correct	NA	Q_ADJ1	R_COLOR	S_ADJ1_COLOR
4	NA	NA	NA	NA	NA	NA	the green lann ficty spaceship	NA	NA	NA	NA	NA	NA	58	NA	NA	correct	NA	Q_ADJ2_ADJ1	R_COLOR_ADJ2	S_COLOR_ADJ1
4	NA	NA	NA	NA	NA	NA	the red lann spaceship 	NA	NA	NA	NA	NA	NA	59	NA	NA	correct	NA	Q_ADJ2	R_COLOR_ADJ2	S_COLOR
4	NA	NA	NA	NA	NA	NA	the red lann ficty spaceship	NA	NA	NA	NA	NA	NA	60	NA	NA	correct	NA	Q_ADJ2_ADJ1	R_COLOR_ADJ2	S_COLOR_ADJ1
4	NA	NA	NA	NA	NA	NA	the red ficty lann spaceship	NA	NA	NA	NA	NA	NA	61	NA	NA	correct	NA	Q_ADJ1_ADJ2	R_COLOR_ADJ2	S_COLOR_ADJ1
4	NA	NA	NA	NA	NA	NA	the blue spaceship  	NA	NA	NA	NA	NA	NA	62	NA	NA	correct	NA	Q_	R_COLOR	S_COLOR
4	NA	NA	NA	NA	NA	NA	the green lann ficty spaceship	NA	NA	NA	NA	NA	NA	63	NA	NA	correct	NA	Q_ADJ2_ADJ1	R_COLOR_ADJ2	S_COLOR_ADJ1
4	NA	NA	NA	NA	NA	NA	the red ficty lann spaceship	NA	NA	NA	NA	NA	NA	64	NA	NA	correct	NA	Q_ADJ1_ADJ2	R_COLOR_ADJ2	S_COLOR_ADJ1
4	NA	NA	NA	NA	NA	NA	the green ficty spaceship the	NA	NA	NA	NA	NA	NA	65	NA	NA	correct	NA	Q_ADJ1	R_COLOR	S_COLOR_ADJ1
4	NA	NA	NA	NA	NA	NA	the blue lann spaceship 	NA	NA	NA	NA	NA	NA	66	NA	NA	correct	NA	Q_ADJ2	R_COLOR_ADJ2	S_COLOR
4	NA	NA	NA	NA	NA	NA	the green ficty lann spaceship	NA	NA	NA	NA	NA	NA	67	NA	NA	correct	NA	Q_ADJ1_ADJ2	R_COLOR_ADJ2	S_COLOR_ADJ1
4	NA	NA	NA	NA	NA	NA	the red lann ficty spaceship	NA	NA	NA	NA	NA	NA	68	NA	NA	correct	NA	Q_ADJ2_ADJ1	R_COLOR_ADJ2	S_COLOR_ADJ1
4	NA	NA	NA	NA	NA	NA	the green lann spaceship 	NA	NA	NA	NA	NA	NA	69	NA	NA	correct	NA	Q_ADJ2	R_COLOR_ADJ2	S_COLOR
4	NA	NA	NA	NA	NA	NA	the red lann spaceship 	NA	NA	NA	NA	NA	NA	70	NA	NA	correct	NA	Q_ADJ2	R_COLOR_ADJ2	S_COLOR
4	NA	NA	NA	NA	NA	NA	the red ficty lann spaceship	NA	NA	NA	NA	NA	NA	71	NA	NA	correct	NA	Q_ADJ1_ADJ2	R_COLOR_ADJ2	S_COLOR_ADJ1
4	NA	NA	NA	NA	NA	NA	the green ficty lann spaceship	NA	NA	NA	NA	NA	NA	72	NA	NA	correct	NA	Q_ADJ1_ADJ2	R_COLOR_ADJ2	S_COLOR_ADJ1
4	NA	NA	NA	NA	NA	NA	the green ficty lann spaceship	NA	NA	NA	NA	NA	NA	73	NA	NA	correct	NA	Q_ADJ1_ADJ2	R_COLOR_ADJ2	S_COLOR_ADJ1
4	NA	NA	NA	NA	NA	NA	the blue ficty spaceship 	NA	NA	NA	NA	NA	NA	74	NA	NA	correct	NA	Q_ADJ1	R_COLOR	S_COLOR_ADJ1
4	NA	NA	NA	NA	NA	NA	the green lann spaceship 	NA	NA	NA	NA	NA	NA	75	NA	NA	correct	NA	Q_ADJ2	R_COLOR_ADJ2	S_COLOR
4	NA	NA	NA	NA	NA	NA	the blue lann spaceship 	NA	NA	NA	NA	NA	NA	76	NA	NA	correct	NA	Q_ADJ2	R_COLOR_ADJ2	S_COLOR
4	NA	NA	NA	NA	NA	NA	the blue lann spaceship 	NA	NA	NA	NA	NA	NA	77	NA	NA	correct	NA	Q_ADJ2	R_COLOR_ADJ2	S_COLOR
4	NA	NA	NA	NA	NA	NA	the red lann spaceship 	NA	NA	NA	NA	NA	NA	78	NA	NA	correct	NA	Q_ADJ2	R_COLOR_ADJ2	S_COLOR
4	NA	NA	NA	NA	NA	NA	the blue ficty lann spaceship	NA	NA	NA	NA	NA	NA	79	NA	NA	correct	NA	Q_ADJ1_ADJ2	R_COLOR_ADJ2	S_COLOR_ADJ1
4	NA	NA	NA	NA	NA	NA	the red ficty spaceship 	NA	NA	NA	NA	NA	NA	80	NA	NA	correct	NA	Q_ADJ1	R_COLOR	S_COLOR_ADJ1
4	NA	NA	NA	NA	NA	NA	The blue fisty spaceship	NA	NA	NA	NA	NA	NA	82	NA	NA	correct	NA	Q_	R_COLOR	S_COLOR
4	NA	NA	NA	NA	NA	NA	The green lann spaceship	NA	NA	NA	NA	NA	NA	83	NA	NA	correct	NA	Q_ADJ2	R_COLOR_ADJ2	S_COLOR
4	NA	NA	NA	NA	NA	NA	The red ficty spaceship	NA	NA	NA	NA	NA	NA	84	NA	NA	correct	NA	Q_ADJ1	R_COLOR	S_COLOR_ADJ1
4	NA	NA	NA	NA	NA	NA	The green lann ficty spaceship	NA	NA	NA	NA	NA	NA	85	NA	NA	correct	NA	Q_ADJ2_ADJ1	R_COLOR_ADJ2	S_COLOR_ADJ1
4	NA	NA	NA	NA	NA	NA	Blue ficty lann spaceship	NA	NA	NA	NA	NA	NA	86	NA	NA	correct	NA	Q_ADJ1_ADJ2	R_ADJ2	S_ADJ1
4	NA	NA	NA	NA	NA	NA	Red lann spaceship	NA	NA	NA	NA	NA	NA	87	NA	NA	correct	NA	Q_ADJ2	R_ADJ2	S_
4	NA	NA	NA	NA	NA	NA	Green lann spaceship	NA	NA	NA	NA	NA	NA	88	NA	NA	correct	NA	Q_ADJ2	R_ADJ2	S_
4	NA	NA	NA	NA	NA	NA	Blue lann spaceship	NA	NA	NA	NA	NA	NA	89	NA	NA	correct	NA	Q_ADJ2	R_ADJ2	S_
4	NA	NA	NA	NA	NA	NA	Green lann ficty spaceship	NA	NA	NA	NA	NA	NA	90	NA	NA	correct	NA	Q_ADJ2_ADJ1	R_ADJ2	S_ADJ1
4	NA	NA	NA	NA	NA	NA	Red lann spaceship	NA	NA	NA	NA	NA	NA	91	NA	NA	correct	NA	Q_ADJ2	R_ADJ2	S_
4	NA	NA	NA	NA	NA	NA	Red ficty lann spaceship	NA	NA	NA	NA	NA	NA	92	NA	NA	correct	NA	Q_ADJ1_ADJ2	R_ADJ2	S_ADJ1
4	NA	NA	NA	NA	NA	NA	Blue ficty spaceship	NA	NA	NA	NA	NA	NA	93	NA	NA	correct	NA	Q_ADJ1	R_	S_ADJ1
4	NA	NA	NA	NA	NA	NA	Red ficty lann spaceship	NA	NA	NA	NA	NA	NA	94	NA	NA	correct	NA	Q_ADJ1_ADJ2	R_ADJ2	S_ADJ1
4	NA	NA	NA	NA	NA	NA	Red lann ficty spaceship	NA	NA	NA	NA	NA	NA	95	NA	NA	correct	NA	Q_ADJ2_ADJ1	R_ADJ2	S_ADJ1
4	NA	NA	NA	NA	NA	NA	Red lann spaceship	NA	NA	NA	NA	NA	NA	96	NA	NA	correct	NA	Q_ADJ2	R_ADJ2	S_
4	NA	NA	NA	NA	NA	NA	Blue lann spaceship	NA	NA	NA	NA	NA	NA	97	NA	NA	correct	NA	Q_ADJ2	R_ADJ2	S_
4	NA	NA	NA	NA	NA	NA	blue lann	NA	NA	NA	NA	NA	NA	98	NA	NA	correct	NA	Q_ADJ2	R_COLOR_ADJ2	S_COLOR
4	NA	NA	NA	NA	NA	NA	red lann	NA	NA	NA	NA	NA	NA	99	NA	NA	correct	NA	Q_ADJ2	R_COLOR_ADJ2	S_COLOR
4	NA	NA	NA	NA	NA	NA	blue ficty 	NA	NA	NA	NA	NA	NA	100	NA	NA	correct	NA	Q_ADJ1	R_COLOR	S_COLOR_ADJ1
4	NA	NA	NA	NA	NA	NA	green ficty lann	NA	NA	NA	NA	NA	NA	101	NA	NA	correct	NA	Q_ADJ1_ADJ2	R_COLOR_ADJ2	S_COLOR_ADJ1
4	NA	NA	NA	NA	NA	NA	green lann ficty	NA	NA	NA	NA	NA	NA	102	NA	NA	correct	NA	Q_ADJ2_ADJ1	R_COLOR_ADJ2	S_COLOR_ADJ1
4	NA	NA	NA	NA	NA	NA	green lann	NA	NA	NA	NA	NA	NA	103	NA	NA	correct	NA	Q_ADJ2	R_COLOR_ADJ2	S_COLOR
4	NA	NA	NA	NA	NA	NA	red lann ficty	NA	NA	NA	NA	NA	NA	104	NA	NA	correct	NA	Q_ADJ2_ADJ1	R_COLOR_ADJ2	S_COLOR_ADJ1
4	NA	NA	NA	NA	NA	NA	green lann ficty	NA	NA	NA	NA	NA	NA	105	NA	NA	correct	NA	Q_ADJ2_ADJ1	R_COLOR_ADJ2	S_COLOR_ADJ1
4	NA	NA	NA	NA	NA	NA	green lann	NA	NA	NA	NA	NA	NA	106	NA	NA	correct	NA	Q_ADJ2	R_COLOR_ADJ2	S_COLOR
4	NA	NA	NA	NA	NA	NA	red ficty 	NA	NA	NA	NA	NA	NA	107	NA	NA	correct	NA	Q_ADJ1	R_COLOR	S_COLOR_ADJ1
4	NA	NA	NA	NA	NA	NA	green ficty lann	NA	NA	NA	NA	NA	NA	109	NA	NA	correct	NA	Q_ADJ1_ADJ2	R_COLOR_ADJ2	S_COLOR_ADJ1
4	NA	NA	NA	NA	NA	NA	NA	NA	NA	0.97	NA	NA	NA	136	lann	big	NA	NA	NA	NA	NA
4	NA	NA	NA	NA	NA	NA	NA	NA	NA	0.95	NA	NA	NA	137	lann	ficty	NA	NA	NA	NA	NA
4	NA	NA	NA	NA	NA	NA	NA	NA	NA	0.95	NA	NA	NA	138	lann	small	NA	NA	NA	NA	NA
4	NA	NA	NA	NA	NA	NA	NA	NA	NA	0.01	NA	NA	NA	139	green	ficty	NA	NA	NA	NA	NA
4	NA	NA	NA	NA	NA	NA	NA	NA	NA	0.96	NA	NA	NA	140	red	small	NA	NA	NA	NA	NA
4	NA	NA	NA	NA	NA	NA	NA	NA	NA	0.99	NA	NA	NA	141	ficty	blue	NA	NA	NA	NA	NA
4	NA	NA	NA	NA	NA	NA	NA	NA	NA	0.97	NA	NA	NA	142	lann	red	NA	NA	NA	NA	NA
4	NA	NA	NA	NA	NA	NA	NA	NA	NA	0.94	NA	NA	NA	143	lann	green	NA	NA	NA	NA	NA
4	NA	NA	NA	NA	NA	NA	NA	NA	NA	0.95	NA	NA	NA	144	ficty	big	NA	NA	NA	NA	NA
4	NA	NA	NA	NA	NA	NA	NA	NA	NA	0.01	NA	NA	NA	145	small	ficty	NA	NA	NA	NA	NA
4	NA	NA	NA	NA	NA	NA	NA	NA	NA	0.98	NA	NA	NA	146	blue	small	NA	NA	NA	NA	NA
4	NA	NA	NA	NA	NA	NA	NA	NA	NA	0.97	NA	NA	NA	147	ficty	red	NA	NA	NA	NA	NA
4	NA	NA	NA	NA	NA	NA	NA	NA	NA	0.03	NA	NA	NA	148	blue	lann	NA	NA	NA	NA	NA
4	NA	NA	NA	NA	NA	NA	NA	NA	NA	0.07	NA	NA	NA	149	small	blue	NA	NA	NA	NA	NA
4	NA	NA	NA	lann	NA	I really don&quotechart like ships like this...	NA	NA	NA	0.05	NA	NA	NA	151	ficty	lann	NA	NA	NA	NA	NA
4	NA	NA	NA	NONE	NA	I like ships that have this color, like this...	NA	NA	NA	0.05	NA	NA	NA	152	red	ficty	NA	NA	NA	NA	NA
4	NA	NA	NA	ficty	NA	On our planet, many aliens fly ships like this...	NA	NA	NA	0	NA	NA	NA	153	red	ficty	NA	NA	NA	NA	NA
4	NA	NA	NA	lann	NA	My first ship had the same shape as this...	NA	NA	NA	0.97	NA	NA	NA	154	lann	green	NA	NA	NA	NA	NA
4	NA	NA	NA	red	NA	Wow -- I like this...	NA	NA	NA	0.97	NA	NA	NA	155	ficty	red	NA	NA	NA	NA	NA
4	NA	NA	NA	lann	NA	I like ships of this type. My favorite one is this...	NA	NA	NA	0.95	NA	NA	NA	156	lann	ficty	NA	NA	NA	NA	NA
4	NA	NA	NA	ficty	NA	What a nice color. I like flying this...	NA	NA	NA	0.99	NA	NA	NA	157	ficty	red	NA	NA	NA	NA	NA
4	NA	NA	NA	green	NA	My friend used to fly this...	NA	NA	NA	0.93	NA	NA	NA	158	lann	green	NA	NA	NA	NA	NA
4	NA	NA	NA	ficty	NA	Humans think all of our ships look like this...	NA	NA	NA	0.03	NA	NA	NA	159	blue	ficty	NA	NA	NA	NA	NA
4	NA	NA	NA	NONE	NA	For long distances, I use this...	NA	NA	NA	0.97	NA	NA	NA	160	lann	green	NA	NA	NA	NA	NA
4	NA	NA	NA	lann	NA	Ugh, I hate flying this...	NA	NA	NA	0.04	NA	NA	NA	161	blue	lann	NA	NA	NA	NA	NA
4	NA	NA	NA	NA	0.95	NA	NA	[0, 1]	NA	NA	NA	0.59	NA	162	NA	NA	NA	NA	NA	NA	NA
4	NA	NA	NA	NA	NA	NA	NA	[0, 1]	NA	NA	NA	NA	circular	163	NA	NA	NA	branches	NA	NA	NA
4	NA	NA	0.03	NA	NA	NA	NA	[0, 1]	0.93	NA	NA	NA	NA	164	NA	NA	NA	NA	NA	NA	NA
5	squalf	second	NA	NA	NA	NA	NA	NA	NA	NA	second	NA	NA	6	NA	NA	NA	NA	NA	NA	NA
5	cuinty	first	NA	NA	NA	NA	NA	NA	NA	NA	first	NA	NA	7	NA	NA	NA	NA	NA	NA	NA
5	squalf	first	NA	NA	NA	NA	NA	NA	NA	NA	first	NA	NA	8	NA	NA	NA	NA	NA	NA	NA
5	squalf	first	NA	NA	NA	NA	NA	NA	NA	NA	first	NA	NA	9	NA	NA	NA	NA	NA	NA	NA
5	cuinty	first	NA	NA	NA	NA	NA	NA	NA	NA	first	NA	NA	10	NA	NA	NA	NA	NA	NA	NA
5	squalf	second	NA	NA	NA	NA	NA	NA	NA	NA	second	NA	NA	11	NA	NA	NA	NA	NA	NA	NA
5	cuinty	second	NA	NA	NA	NA	NA	NA	NA	NA	second	NA	NA	12	NA	NA	NA	NA	NA	NA	NA
5	squalf	first	NA	NA	NA	NA	NA	NA	NA	NA	first	NA	NA	13	NA	NA	NA	NA	NA	NA	NA
5	cuinty	second	NA	NA	NA	NA	NA	NA	NA	NA	second	NA	NA	14	NA	NA	NA	NA	NA	NA	NA
5	squalf	first	NA	NA	NA	NA	NA	NA	NA	NA	first	NA	NA	15	NA	NA	NA	NA	NA	NA	NA
5	cuinty	second	NA	NA	NA	NA	NA	NA	NA	NA	second	NA	NA	16	NA	NA	NA	NA	NA	NA	NA
5	cuinty	first	NA	NA	NA	NA	NA	NA	NA	NA	first	NA	NA	17	NA	NA	NA	NA	NA	NA	NA
5	cuinty	second	NA	NA	NA	NA	NA	NA	NA	NA	second	NA	NA	18	NA	NA	NA	NA	NA	NA	NA
5	cuinty	first	NA	NA	NA	NA	NA	NA	NA	NA	first	NA	NA	19	NA	NA	NA	NA	NA	NA	NA
5	cuinty	first	NA	NA	NA	NA	NA	NA	NA	NA	first	NA	NA	20	NA	NA	NA	NA	NA	NA	NA
5	squalf	first	NA	NA	NA	NA	NA	NA	NA	NA	first	NA	NA	21	NA	NA	NA	NA	NA	NA	NA
5	cuinty	first	NA	NA	NA	NA	NA	NA	NA	NA	first	NA	NA	22	NA	NA	NA	NA	NA	NA	NA
5	squalf	second	NA	NA	NA	NA	NA	NA	NA	NA	second	NA	NA	23	NA	NA	NA	NA	NA	NA	NA
5	cuinty	second	NA	NA	NA	NA	NA	NA	NA	NA	second	NA	NA	24	NA	NA	NA	NA	NA	NA	NA
5	cuinty	second	NA	NA	NA	NA	NA	NA	NA	NA	second	NA	NA	25	NA	NA	NA	NA	NA	NA	NA
5	cuinty	first	NA	NA	NA	NA	NA	NA	NA	NA	first	NA	NA	26	NA	NA	NA	NA	NA	NA	NA
5	squalf	second	NA	NA	NA	NA	NA	NA	NA	NA	second	NA	NA	27	NA	NA	NA	NA	NA	NA	NA
5	squalf	first	NA	NA	NA	NA	NA	NA	NA	NA	first	NA	NA	28	NA	NA	NA	NA	NA	NA	NA
5	cuinty	first	NA	NA	NA	NA	NA	NA	NA	NA	first	NA	NA	29	NA	NA	NA	NA	NA	NA	NA
5	squalf	first	NA	NA	NA	NA	NA	NA	NA	NA	first	NA	NA	30	NA	NA	NA	NA	NA	NA	NA
5	cuinty	second	NA	NA	NA	NA	NA	NA	NA	NA	second	NA	NA	31	NA	NA	NA	NA	NA	NA	NA
5	squalf	first	NA	NA	NA	NA	NA	NA	NA	NA	first	NA	NA	32	NA	NA	NA	NA	NA	NA	NA
5	squalf	second	NA	NA	NA	NA	NA	NA	NA	NA	second	NA	NA	33	NA	NA	NA	NA	NA	NA	NA
5	squalf	second	NA	NA	NA	NA	NA	NA	NA	NA	second	NA	NA	34	NA	NA	NA	NA	NA	NA	NA
5	cuinty	first	NA	NA	NA	NA	NA	NA	NA	NA	first	NA	NA	35	NA	NA	NA	NA	NA	NA	NA
5	squalf	first	NA	NA	NA	NA	NA	NA	NA	NA	first	NA	NA	36	NA	NA	NA	NA	NA	NA	NA
5	cuinty	first	NA	NA	NA	NA	NA	NA	NA	NA	first	NA	NA	37	NA	NA	NA	NA	NA	NA	NA
5	squalf	second	NA	NA	NA	NA	NA	NA	NA	NA	second	NA	NA	38	NA	NA	NA	NA	NA	NA	NA
5	squalf	first	NA	NA	NA	NA	NA	NA	NA	NA	first	NA	NA	39	NA	NA	NA	NA	NA	NA	NA
5	cuinty	first	NA	NA	NA	NA	NA	NA	NA	NA	first	NA	NA	40	NA	NA	NA	NA	NA	NA	NA
5	cuinty	first	NA	NA	NA	NA	NA	NA	NA	NA	first	NA	NA	41	NA	NA	NA	NA	NA	NA	NA
5	cuinty	second	NA	NA	NA	NA	NA	NA	NA	NA	second	NA	NA	42	NA	NA	NA	NA	NA	NA	NA
5	squalf	first	NA	NA	NA	NA	NA	NA	NA	NA	first	NA	NA	43	NA	NA	NA	NA	NA	NA	NA
5	cuinty	second	NA	NA	NA	NA	NA	NA	NA	NA	second	NA	NA	44	NA	NA	NA	NA	NA	NA	NA
5	cuinty	second	NA	NA	NA	NA	NA	NA	NA	NA	second	NA	NA	45	NA	NA	NA	NA	NA	NA	NA
5	squalf	second	NA	NA	NA	NA	NA	NA	NA	NA	second	NA	NA	46	NA	NA	NA	NA	NA	NA	NA
5	cuinty	second	NA	NA	NA	NA	NA	NA	NA	NA	second	NA	NA	47	NA	NA	NA	NA	NA	NA	NA
5	squalf	second	NA	NA	NA	NA	NA	NA	NA	NA	second	NA	NA	48	NA	NA	NA	NA	NA	NA	NA
5	cuinty	second	NA	NA	NA	NA	NA	NA	NA	NA	second	NA	NA	49	NA	NA	NA	NA	NA	NA	NA
5	squalf	second	NA	NA	NA	NA	NA	NA	NA	NA	first	NA	NA	50	NA	NA	NA	NA	NA	NA	NA
5	squalf	first	NA	NA	NA	NA	NA	NA	NA	NA	first	NA	NA	51	NA	NA	NA	NA	NA	NA	NA
5	squalf	first	NA	NA	NA	NA	NA	NA	NA	NA	first	NA	NA	52	NA	NA	NA	NA	NA	NA	NA
5	squalf	second	NA	NA	NA	NA	NA	NA	NA	NA	second	NA	NA	53	NA	NA	NA	NA	NA	NA	NA
5	NA	NA	NA	NA	NA	NA	cuinty red   	NA	NA	NA	NA	NA	NA	55	NA	NA	correct	NA	Q_ADJ2	R_ADJ2_COLOR	S_COLOR
5	NA	NA	NA	NA	NA	NA	cuinty green   	NA	NA	NA	NA	NA	NA	56	NA	NA	correct	NA	Q_ADJ2	R_ADJ2_COLOR	S_COLOR
5	NA	NA	NA	NA	NA	NA	cuinty red   	NA	NA	NA	NA	NA	NA	57	NA	NA	correct	NA	Q_ADJ2	R_ADJ2_COLOR	S_COLOR
5	NA	NA	NA	NA	NA	NA	green squalf   	NA	NA	NA	NA	NA	NA	58	NA	NA	correct	NA	Q_ADJ1	R_COLOR	S_COLOR_ADJ1
5	NA	NA	NA	NA	NA	NA	squalf blue   	NA	NA	NA	NA	NA	NA	59	NA	NA	correct	NA	Q_ADJ1	R_COLOR	S_ADJ1_COLOR
5	NA	NA	NA	NA	NA	NA	blue    	NA	NA	NA	NA	NA	NA	60	NA	NA	correct	NA	Q_	R_COLOR	S_COLOR
5	NA	NA	NA	NA	NA	NA	squalf green   	NA	NA	NA	NA	NA	NA	61	NA	NA	correct	NA	Q_ADJ1	R_COLOR	S_ADJ1_COLOR
5	NA	NA	NA	NA	NA	NA	red cuinty squalf  	NA	NA	NA	NA	NA	NA	62	NA	NA	correct	NA	Q_ADJ2_ADJ1	R_COLOR_ADJ2	S_COLOR_ADJ1
5	NA	NA	NA	NA	NA	NA	red squalf cuinty  	NA	NA	NA	NA	NA	NA	63	NA	NA	correct	NA	Q_ADJ1_ADJ2	R_COLOR_ADJ2	S_COLOR_ADJ1
5	NA	NA	NA	NA	NA	NA	cuinty blue   	NA	NA	NA	NA	NA	NA	64	NA	NA	correct	NA	Q_ADJ2	R_ADJ2_COLOR	S_COLOR
5	NA	NA	NA	NA	NA	NA	green cuinty   	NA	NA	NA	NA	NA	NA	65	NA	NA	correct	NA	Q_ADJ2	R_COLOR_ADJ2	S_COLOR
5	NA	NA	NA	NA	NA	NA	blue cuinty   	NA	NA	NA	NA	NA	NA	66	NA	NA	correct	NA	Q_ADJ2	R_COLOR_ADJ2	S_COLOR
5	NA	NA	NA	NA	NA	NA	cuinty squalf   	NA	NA	NA	NA	NA	NA	67	NA	NA	correct	NA	Q_ADJ2_ADJ1	R_ADJ2	S_ADJ1
5	NA	NA	NA	NA	NA	NA	green cuinty   	NA	NA	NA	NA	NA	NA	68	NA	NA	correct	NA	Q_ADJ2	R_COLOR_ADJ2	S_COLOR
5	NA	NA	NA	NA	NA	NA	green cuinty   	NA	NA	NA	NA	NA	NA	69	NA	NA	correct	NA	Q_ADJ2	R_COLOR_ADJ2	S_COLOR
5	NA	NA	NA	NA	NA	NA	red cuinty   	NA	NA	NA	NA	NA	NA	70	NA	NA	correct	NA	Q_ADJ2	R_COLOR_ADJ2	S_COLOR
5	NA	NA	NA	NA	NA	NA	blue cuinty   	NA	NA	NA	NA	NA	NA	71	NA	NA	correct	NA	Q_ADJ2	R_COLOR_ADJ2	S_COLOR
5	NA	NA	NA	NA	NA	NA	cuinty blue   	NA	NA	NA	NA	NA	NA	72	NA	NA	correct	NA	Q_ADJ2	R_ADJ2_COLOR	S_COLOR
5	NA	NA	NA	NA	NA	NA	blue squalf   	NA	NA	NA	NA	NA	NA	73	NA	NA	correct	NA	Q_ADJ1	R_COLOR	S_COLOR_ADJ1
5	NA	NA	NA	NA	NA	NA	red squalf   	NA	NA	NA	NA	NA	NA	74	NA	NA	correct	NA	Q_ADJ1	R_COLOR	S_COLOR_ADJ1
5	NA	NA	NA	NA	NA	NA	red cuinty squalf  	NA	NA	NA	NA	NA	NA	75	NA	NA	correct	NA	Q_ADJ2_ADJ1	R_COLOR_ADJ2	S_COLOR_ADJ1
5	NA	NA	NA	NA	NA	NA	green squalf   	NA	NA	NA	NA	NA	NA	76	NA	NA	correct	NA	Q_ADJ1	R_COLOR	S_COLOR_ADJ1
5	NA	NA	NA	NA	NA	NA	red cuinty   	NA	NA	NA	NA	NA	NA	77	NA	NA	correct	NA	Q_ADJ2	R_COLOR_ADJ2	S_COLOR
5	NA	NA	NA	NA	NA	NA	red cuinty   	NA	NA	NA	NA	NA	NA	78	NA	NA	correct	NA	Q_ADJ2	R_COLOR_ADJ2	S_COLOR
5	NA	NA	NA	NA	NA	NA	red cuinty   	NA	NA	NA	NA	NA	NA	79	NA	NA	correct	NA	Q_ADJ2	R_COLOR_ADJ2	S_COLOR
5	NA	NA	NA	NA	NA	NA	red cuinty squalf  	NA	NA	NA	NA	NA	NA	80	NA	NA	correct	NA	Q_ADJ2_ADJ1	R_COLOR_ADJ2	S_COLOR_ADJ1
5	NA	NA	NA	NA	NA	NA	green squalf	NA	NA	NA	NA	NA	NA	82	NA	NA	correct	NA	Q_ADJ1	R_COLOR	S_COLOR_ADJ1
5	NA	NA	NA	NA	NA	NA	blue squalf	NA	NA	NA	NA	NA	NA	83	NA	NA	correct	NA	Q_ADJ1	R_COLOR	S_COLOR_ADJ1
5	NA	NA	NA	NA	NA	NA	red cuinty	NA	NA	NA	NA	NA	NA	84	NA	NA	correct	NA	Q_ADJ2	R_COLOR_ADJ2	S_COLOR
5	NA	NA	NA	NA	NA	NA	green squalf	NA	NA	NA	NA	NA	NA	85	NA	NA	correct	NA	Q_ADJ1	R_COLOR	S_COLOR_ADJ1
5	NA	NA	NA	NA	NA	NA	red cuinty	NA	NA	NA	NA	NA	NA	86	NA	NA	correct	NA	Q_ADJ2	R_COLOR_ADJ2	S_COLOR
5	NA	NA	NA	NA	NA	NA	blue squalf	NA	NA	NA	NA	NA	NA	87	NA	NA	correct	NA	Q_ADJ1	R_COLOR	S_COLOR_ADJ1
5	NA	NA	NA	NA	NA	NA	green cuinty	NA	NA	NA	NA	NA	NA	88	NA	NA	correct	NA	Q_ADJ2	R_COLOR_ADJ2	S_COLOR
5	NA	NA	NA	NA	NA	NA	blue cuinty squalf	NA	NA	NA	NA	NA	NA	89	NA	NA	correct	NA	Q_ADJ2_ADJ1	R_COLOR_ADJ2	S_COLOR_ADJ1
5	NA	NA	NA	NA	NA	NA	blue cuinty	NA	NA	NA	NA	NA	NA	90	NA	NA	correct	NA	Q_ADJ2	R_COLOR_ADJ2	S_COLOR
5	NA	NA	NA	NA	NA	NA	green cuinty	NA	NA	NA	NA	NA	NA	91	NA	NA	correct	NA	Q_ADJ2	R_COLOR_ADJ2	S_COLOR
5	NA	NA	NA	NA	NA	NA	red cuinty	NA	NA	NA	NA	NA	NA	92	NA	NA	correct	NA	Q_ADJ2	R_COLOR_ADJ2	S_COLOR
5	NA	NA	NA	NA	NA	NA	red cuinty	NA	NA	NA	NA	NA	NA	93	NA	NA	correct	NA	Q_ADJ2	R_COLOR_ADJ2	S_COLOR
5	NA	NA	NA	NA	NA	NA	blue cuinty	NA	NA	NA	NA	NA	NA	94	NA	NA	correct	NA	Q_ADJ2	R_COLOR_ADJ2	S_COLOR
5	NA	NA	NA	NA	NA	NA	green cuinty	NA	NA	NA	NA	NA	NA	95	NA	NA	correct	NA	Q_ADJ2	R_COLOR_ADJ2	S_COLOR
5	NA	NA	NA	NA	NA	NA	blue squalf	NA	NA	NA	NA	NA	NA	96	NA	NA	correct	NA	Q_ADJ1	R_COLOR	S_COLOR_ADJ1
5	NA	NA	NA	NA	NA	NA	red cuinty squalf	NA	NA	NA	NA	NA	NA	97	NA	NA	correct	NA	Q_ADJ2_ADJ1	R_COLOR_ADJ2	S_COLOR_ADJ1
5	NA	NA	NA	NA	NA	NA	red cuinty squalf	NA	NA	NA	NA	NA	NA	98	NA	NA	correct	NA	Q_ADJ2_ADJ1	R_COLOR_ADJ2	S_COLOR_ADJ1
5	NA	NA	NA	NA	NA	NA	red squalf	NA	NA	NA	NA	NA	NA	99	NA	NA	correct	NA	Q_ADJ1	R_COLOR	S_COLOR_ADJ1
5	NA	NA	NA	NA	NA	NA	green cuinty	NA	NA	NA	NA	NA	NA	100	NA	NA	correct	NA	Q_ADJ2	R_COLOR_ADJ2	S_COLOR
5	NA	NA	NA	NA	NA	NA	red cuinty	NA	NA	NA	NA	NA	NA	101	NA	NA	correct	NA	Q_ADJ2	R_COLOR_ADJ2	S_COLOR
5	NA	NA	NA	NA	NA	NA	red cuinty squalf	NA	NA	NA	NA	NA	NA	102	NA	NA	correct	NA	Q_ADJ2_ADJ1	R_COLOR_ADJ2	S_COLOR_ADJ1
5	NA	NA	NA	NA	NA	NA	blue cuinty	NA	NA	NA	NA	NA	NA	103	NA	NA	correct	NA	Q_ADJ2	R_COLOR_ADJ2	S_COLOR
5	NA	NA	NA	NA	NA	NA	blue cuinty	NA	NA	NA	NA	NA	NA	104	NA	NA	correct	NA	Q_ADJ2	R_COLOR_ADJ2	S_COLOR
5	NA	NA	NA	NA	NA	NA	red cuinty	NA	NA	NA	NA	NA	NA	105	NA	NA	correct	NA	Q_ADJ2	R_COLOR_ADJ2	S_COLOR
5	NA	NA	NA	NA	NA	NA	red cuinty squalf	NA	NA	NA	NA	NA	NA	106	NA	NA	correct	NA	Q_ADJ2_ADJ1	R_COLOR_ADJ2	S_COLOR_ADJ1
5	NA	NA	NA	NA	NA	NA	green squalf	NA	NA	NA	NA	NA	NA	107	NA	NA	correct	NA	Q_ADJ1	R_COLOR	S_COLOR_ADJ1
5	NA	NA	NA	NA	NA	NA	green squalf	NA	NA	NA	NA	NA	NA	109	NA	NA	correct	NA	Q_ADJ1	R_COLOR	S_COLOR_ADJ1
5	NA	NA	NA	NA	NA	NA	NA	NA	NA	0.93	NA	NA	NA	136	squalf	blue	NA	NA	NA	NA	NA
5	NA	NA	NA	NA	NA	NA	NA	NA	NA	0.94	NA	NA	NA	137	squalf	cuinty	NA	NA	NA	NA	NA
5	NA	NA	NA	NA	NA	NA	NA	NA	NA	0.96	NA	NA	NA	138	squalf	red	NA	NA	NA	NA	NA
5	NA	NA	NA	NA	NA	NA	NA	NA	NA	0.93	NA	NA	NA	139	squalf	small	NA	NA	NA	NA	NA
5	NA	NA	NA	NA	NA	NA	NA	NA	NA	0.99	NA	NA	NA	140	cuinty	green	NA	NA	NA	NA	NA
5	NA	NA	NA	NA	NA	NA	NA	NA	NA	0.98	NA	NA	NA	141	cuinty	small	NA	NA	NA	NA	NA
5	NA	NA	NA	NA	NA	NA	NA	NA	NA	0.98	NA	NA	NA	142	red	cuinty	NA	NA	NA	NA	NA
5	NA	NA	NA	NA	NA	NA	NA	NA	NA	0.01	NA	NA	NA	143	small	red	NA	NA	NA	NA	NA
5	NA	NA	NA	NA	NA	NA	NA	NA	NA	0.01	NA	NA	NA	144	green	squalf	NA	NA	NA	NA	NA
5	NA	NA	NA	NA	NA	NA	NA	NA	NA	0.02	NA	NA	NA	145	big	squalf	NA	NA	NA	NA	NA
5	NA	NA	NA	NA	NA	NA	NA	NA	NA	0.98	NA	NA	NA	146	red	big	NA	NA	NA	NA	NA
5	NA	NA	NA	NA	NA	NA	NA	NA	NA	0.89	NA	NA	NA	147	cuinty	blue	NA	NA	NA	NA	NA
5	NA	NA	NA	NA	NA	NA	NA	NA	NA	0.08	NA	NA	NA	148	big	cuinty	NA	NA	NA	NA	NA
5	NA	NA	NA	NA	NA	NA	NA	NA	NA	0.01	NA	NA	NA	149	big	green	NA	NA	NA	NA	NA
5	NA	NA	NA	squalf	NA	My friend used to fly this...	NA	NA	NA	0.96	NA	NA	NA	151	squalf	red	NA	NA	NA	NA	NA
5	NA	NA	NA	squalf	NA	What a nice color. I like flying this...	NA	NA	NA	0.01	NA	NA	NA	152	blue	squalf	NA	NA	NA	NA	NA
5	NA	NA	NA	red	NA	Wow -- I like this...	NA	NA	NA	0.97	NA	NA	NA	153	squalf	red	NA	NA	NA	NA	NA
5	NA	NA	NA	squalf	NA	I really don&quotechart like ships like this...	NA	NA	NA	0.97	NA	NA	NA	154	squalf	green	NA	NA	NA	NA	NA
5	NA	NA	NA	cuinty	NA	On our planet, many aliens fly ships like this...	NA	NA	NA	0.96	NA	NA	NA	155	cuinty	red	NA	NA	NA	NA	NA
5	NA	NA	NA	cuinty	NA	I like ships of this type. My favorite one is this...	NA	NA	NA	0.96	NA	NA	NA	156	cuinty	squalf	NA	NA	NA	NA	NA
5	NA	NA	NA	NONE	NA	For long distances, I use this...	NA	NA	NA	0.03	NA	NA	NA	157	green	cuinty	NA	NA	NA	NA	NA
5	NA	NA	NA	cuinty	NA	Humans think all of our ships look like this...	NA	NA	NA	0.92	NA	NA	NA	158	green	cuinty	NA	NA	NA	NA	NA
5	NA	NA	NA	cuinty	NA	My first ship had the same shape as this...	NA	NA	NA	0.98	NA	NA	NA	159	squalf	cuinty	NA	NA	NA	NA	NA
5	NA	NA	NA	red	NA	I like ships that have this color, like this...	NA	NA	NA	0.06	NA	NA	NA	160	red	cuinty	NA	NA	NA	NA	NA
5	NA	NA	NA	NONE	NA	Ugh, I hate flying this...	NA	NA	NA	0.95	NA	NA	NA	161	squalf	red	NA	NA	NA	NA	NA
5	NA	NA	0.02	NA	NA	NA	NA	[0, 1]	0	NA	NA	NA	NA	162	NA	NA	NA	NA	NA	NA	NA
5	NA	NA	NA	NA	NA	NA	NA	[0, 1]	NA	NA	NA	NA	round	163	NA	NA	NA	many legs	NA	NA	NA
5	NA	NA	NA	NA	0.04	NA	NA	[0, 1]	NA	NA	NA	0.7	NA	164	NA	NA	NA	NA	NA	NA	NA
6	niegey	second	NA	NA	NA	NA	NA	NA	NA	NA	second	NA	NA	6	NA	NA	NA	NA	NA	NA	NA
6	milbed	second	NA	NA	NA	NA	NA	NA	NA	NA	second	NA	NA	7	NA	NA	NA	NA	NA	NA	NA
6	niegey	second	NA	NA	NA	NA	NA	NA	NA	NA	second	NA	NA	8	NA	NA	NA	NA	NA	NA	NA
6	milbed	first	NA	NA	NA	NA	NA	NA	NA	NA	first	NA	NA	9	NA	NA	NA	NA	NA	NA	NA
6	niegey	second	NA	NA	NA	NA	NA	NA	NA	NA	second	NA	NA	10	NA	NA	NA	NA	NA	NA	NA
6	milbed	second	NA	NA	NA	NA	NA	NA	NA	NA	second	NA	NA	11	NA	NA	NA	NA	NA	NA	NA
6	niegey	second	NA	NA	NA	NA	NA	NA	NA	NA	second	NA	NA	12	NA	NA	NA	NA	NA	NA	NA
6	niegey	first	NA	NA	NA	NA	NA	NA	NA	NA	first	NA	NA	13	NA	NA	NA	NA	NA	NA	NA
6	milbed	second	NA	NA	NA	NA	NA	NA	NA	NA	second	NA	NA	14	NA	NA	NA	NA	NA	NA	NA
6	niegey	first	NA	NA	NA	NA	NA	NA	NA	NA	first	NA	NA	15	NA	NA	NA	NA	NA	NA	NA
6	milbed	second	NA	NA	NA	NA	NA	NA	NA	NA	second	NA	NA	16	NA	NA	NA	NA	NA	NA	NA
6	milbed	second	NA	NA	NA	NA	NA	NA	NA	NA	second	NA	NA	17	NA	NA	NA	NA	NA	NA	NA
6	niegey	first	NA	NA	NA	NA	NA	NA	NA	NA	first	NA	NA	18	NA	NA	NA	NA	NA	NA	NA
6	niegey	first	NA	NA	NA	NA	NA	NA	NA	NA	first	NA	NA	19	NA	NA	NA	NA	NA	NA	NA
6	milbed	second	NA	NA	NA	NA	NA	NA	NA	NA	second	NA	NA	20	NA	NA	NA	NA	NA	NA	NA
6	milbed	first	NA	NA	NA	NA	NA	NA	NA	NA	first	NA	NA	21	NA	NA	NA	NA	NA	NA	NA
6	milbed	first	NA	NA	NA	NA	NA	NA	NA	NA	first	NA	NA	22	NA	NA	NA	NA	NA	NA	NA
6	niegey	second	NA	NA	NA	NA	NA	NA	NA	NA	second	NA	NA	23	NA	NA	NA	NA	NA	NA	NA
6	milbed	second	NA	NA	NA	NA	NA	NA	NA	NA	second	NA	NA	24	NA	NA	NA	NA	NA	NA	NA
6	milbed	first	NA	NA	NA	NA	NA	NA	NA	NA	first	NA	NA	25	NA	NA	NA	NA	NA	NA	NA
6	niegey	second	NA	NA	NA	NA	NA	NA	NA	NA	second	NA	NA	26	NA	NA	NA	NA	NA	NA	NA
6	milbed	second	NA	NA	NA	NA	NA	NA	NA	NA	second	NA	NA	27	NA	NA	NA	NA	NA	NA	NA
6	niegey	second	NA	NA	NA	NA	NA	NA	NA	NA	second	NA	NA	28	NA	NA	NA	NA	NA	NA	NA
6	niegey	second	NA	NA	NA	NA	NA	NA	NA	NA	second	NA	NA	29	NA	NA	NA	NA	NA	NA	NA
6	niegey	first	NA	NA	NA	NA	NA	NA	NA	NA	first	NA	NA	30	NA	NA	NA	NA	NA	NA	NA
6	niegey	first	NA	NA	NA	NA	NA	NA	NA	NA	first	NA	NA	31	NA	NA	NA	NA	NA	NA	NA
6	niegey	second	NA	NA	NA	NA	NA	NA	NA	NA	second	NA	NA	32	NA	NA	NA	NA	NA	NA	NA
6	niegey	second	NA	NA	NA	NA	NA	NA	NA	NA	second	NA	NA	33	NA	NA	NA	NA	NA	NA	NA
6	niegey	second	NA	NA	NA	NA	NA	NA	NA	NA	second	NA	NA	34	NA	NA	NA	NA	NA	NA	NA
6	niegey	second	NA	NA	NA	NA	NA	NA	NA	NA	second	NA	NA	35	NA	NA	NA	NA	NA	NA	NA
6	niegey	first	NA	NA	NA	NA	NA	NA	NA	NA	first	NA	NA	36	NA	NA	NA	NA	NA	NA	NA
6	niegey	second	NA	NA	NA	NA	NA	NA	NA	NA	second	NA	NA	37	NA	NA	NA	NA	NA	NA	NA
6	niegey	second	NA	NA	NA	NA	NA	NA	NA	NA	second	NA	NA	38	NA	NA	NA	NA	NA	NA	NA
6	milbed	first	NA	NA	NA	NA	NA	NA	NA	NA	first	NA	NA	39	NA	NA	NA	NA	NA	NA	NA
6	milbed	first	NA	NA	NA	NA	NA	NA	NA	NA	first	NA	NA	40	NA	NA	NA	NA	NA	NA	NA
6	milbed	first	NA	NA	NA	NA	NA	NA	NA	NA	first	NA	NA	41	NA	NA	NA	NA	NA	NA	NA
6	milbed	second	NA	NA	NA	NA	NA	NA	NA	NA	second	NA	NA	42	NA	NA	NA	NA	NA	NA	NA
6	milbed	first	NA	NA	NA	NA	NA	NA	NA	NA	first	NA	NA	43	NA	NA	NA	NA	NA	NA	NA
6	milbed	first	NA	NA	NA	NA	NA	NA	NA	NA	first	NA	NA	44	NA	NA	NA	NA	NA	NA	NA
6	niegey	second	NA	NA	NA	NA	NA	NA	NA	NA	second	NA	NA	45	NA	NA	NA	NA	NA	NA	NA
6	milbed	first	NA	NA	NA	NA	NA	NA	NA	NA	first	NA	NA	46	NA	NA	NA	NA	NA	NA	NA
6	milbed	second	NA	NA	NA	NA	NA	NA	NA	NA	second	NA	NA	47	NA	NA	NA	NA	NA	NA	NA
6	milbed	second	NA	NA	NA	NA	NA	NA	NA	NA	second	NA	NA	48	NA	NA	NA	NA	NA	NA	NA
6	niegey	second	NA	NA	NA	NA	NA	NA	NA	NA	second	NA	NA	49	NA	NA	NA	NA	NA	NA	NA
6	milbed	first	NA	NA	NA	NA	NA	NA	NA	NA	first	NA	NA	50	NA	NA	NA	NA	NA	NA	NA
6	niegey	first	NA	NA	NA	NA	NA	NA	NA	NA	first	NA	NA	51	NA	NA	NA	NA	NA	NA	NA
6	milbed	first	NA	NA	NA	NA	NA	NA	NA	NA	first	NA	NA	52	NA	NA	NA	NA	NA	NA	NA
6	milbed	second	NA	NA	NA	NA	NA	NA	NA	NA	second	NA	NA	53	NA	NA	NA	NA	NA	NA	NA
6	NA	NA	NA	NA	NA	NA	the niegey milbed  	NA	NA	NA	NA	NA	NA	55	NA	NA	correct	NA	Q_ADJ2_ADJ1	R_ADJ2	S_ADJ1
6	NA	NA	NA	NA	NA	NA	the niegey milbed blue 	NA	NA	NA	NA	NA	NA	56	NA	NA	correct	NA	Q_ADJ2_ADJ1	R_ADJ2_COLOR	S_ADJ1_COLOR
6	NA	NA	NA	NA	NA	NA	the niegey green  	NA	NA	NA	NA	NA	NA	57	NA	NA	correct	NA	Q_ADJ2	R_ADJ2_COLOR	S_COLOR
6	NA	NA	NA	NA	NA	NA	the niegey red milbed 	NA	NA	NA	NA	NA	NA	58	NA	NA	correct	NA	Q_ADJ2_ADJ1	R_ADJ2_COLOR	S_COLOR_ADJ1
6	NA	NA	NA	NA	NA	NA	the red spaceship milbed 	NA	NA	NA	NA	NA	NA	59	NA	NA	correct	NA	Q_ADJ1	R_COLOR	S_COLOR_ADJ1
6	NA	NA	NA	NA	NA	NA	the green spaceship milbed 	NA	NA	NA	NA	NA	NA	60	NA	NA	correct	NA	Q_ADJ1	R_COLOR	S_COLOR_ADJ1
6	NA	NA	NA	NA	NA	NA	the niegey green  	NA	NA	NA	NA	NA	NA	61	NA	NA	correct	NA	Q_ADJ2	R_ADJ2_COLOR	S_COLOR
6	NA	NA	NA	NA	NA	NA	the green niegey  	NA	NA	NA	NA	NA	NA	62	NA	NA	correct	NA	Q_ADJ2	R_COLOR_ADJ2	S_COLOR
6	NA	NA	NA	NA	NA	NA	the red niegey milbed 	NA	NA	NA	NA	NA	NA	63	NA	NA	correct	NA	Q_ADJ2_ADJ1	R_COLOR_ADJ2	S_COLOR_ADJ1
6	NA	NA	NA	NA	NA	NA	the green spaceship milbed 	NA	NA	NA	NA	NA	NA	64	NA	NA	correct	NA	Q_ADJ1	R_COLOR	S_COLOR_ADJ1
6	NA	NA	NA	NA	NA	NA	the blue niegey milbed 	NA	NA	NA	NA	NA	NA	65	NA	NA	correct	NA	Q_ADJ2_ADJ1	R_COLOR_ADJ2	S_COLOR_ADJ1
6	NA	NA	NA	NA	NA	NA	the red niegey  	NA	NA	NA	NA	NA	NA	66	NA	NA	correct	NA	Q_ADJ2	R_COLOR_ADJ2	S_COLOR
6	NA	NA	NA	NA	NA	NA	the blue spaceship milbed 	NA	NA	NA	NA	NA	NA	67	NA	NA	correct	NA	Q_ADJ1	R_COLOR	S_COLOR_ADJ1
6	NA	NA	NA	NA	NA	NA	the green niegey milbed 	NA	NA	NA	NA	NA	NA	68	NA	NA	correct	NA	Q_ADJ2_ADJ1	R_COLOR_ADJ2	S_COLOR_ADJ1
6	NA	NA	NA	NA	NA	NA	the green niegey milbed 	NA	NA	NA	NA	NA	NA	69	NA	NA	correct	NA	Q_ADJ2_ADJ1	R_COLOR_ADJ2	S_COLOR_ADJ1
6	NA	NA	NA	NA	NA	NA	the blue niegey milbed 	NA	NA	NA	NA	NA	NA	70	NA	NA	correct	NA	Q_ADJ2_ADJ1	R_COLOR_ADJ2	S_COLOR_ADJ1
6	NA	NA	NA	NA	NA	NA	the red spaceship milbed 	NA	NA	NA	NA	NA	NA	71	NA	NA	correct	NA	Q_ADJ1	R_COLOR	S_COLOR_ADJ1
6	NA	NA	NA	NA	NA	NA	the blue spaceship milbed 	NA	NA	NA	NA	NA	NA	72	NA	NA	correct	NA	Q_ADJ1	R_COLOR	S_COLOR_ADJ1
6	NA	NA	NA	NA	NA	NA	the blue niegey milbed 	NA	NA	NA	NA	NA	NA	73	NA	NA	correct	NA	Q_ADJ2_ADJ1	R_COLOR_ADJ2	S_COLOR_ADJ1
6	NA	NA	NA	NA	NA	NA	the red niegey  	NA	NA	NA	NA	NA	NA	74	NA	NA	correct	NA	Q_ADJ2	R_COLOR_ADJ2	S_COLOR
6	NA	NA	NA	NA	NA	NA	the red niegey  	NA	NA	NA	NA	NA	NA	75	NA	NA	correct	NA	Q_ADJ2	R_COLOR_ADJ2	S_COLOR
6	NA	NA	NA	NA	NA	NA	the red niegey milbed 	NA	NA	NA	NA	NA	NA	76	NA	NA	correct	NA	Q_ADJ2_ADJ1	R_COLOR_ADJ2	S_COLOR_ADJ1
6	NA	NA	NA	NA	NA	NA	the blue niegey milbed 	NA	NA	NA	NA	NA	NA	77	NA	NA	correct	NA	Q_ADJ2_ADJ1	R_COLOR_ADJ2	S_COLOR_ADJ1
6	NA	NA	NA	NA	NA	NA	the blue niegey milbed 	NA	NA	NA	NA	NA	NA	78	NA	NA	correct	NA	Q_ADJ2_ADJ1	R_COLOR_ADJ2	S_COLOR_ADJ1
6	NA	NA	NA	NA	NA	NA	the blue niegey  	NA	NA	NA	NA	NA	NA	79	NA	NA	correct	NA	Q_ADJ2	R_COLOR_ADJ2	S_COLOR
6	NA	NA	NA	NA	NA	NA	the green niegey milbed 	NA	NA	NA	NA	NA	NA	80	NA	NA	correct	NA	Q_ADJ2_ADJ1	R_COLOR_ADJ2	S_COLOR_ADJ1
6	NA	NA	NA	NA	NA	NA	The green niegey milbed	NA	NA	NA	NA	NA	NA	82	NA	NA	correct	NA	Q_ADJ2_ADJ1	R_COLOR_ADJ2	S_COLOR_ADJ1
6	NA	NA	NA	NA	NA	NA	The green niegey	NA	NA	NA	NA	NA	NA	83	NA	NA	correct	NA	Q_ADJ2	R_COLOR_ADJ2	S_COLOR
6	NA	NA	NA	NA	NA	NA	The blue niegey milbed	NA	NA	NA	NA	NA	NA	84	NA	NA	correct	NA	Q_ADJ2_ADJ1	R_COLOR_ADJ2	S_COLOR_ADJ1
6	NA	NA	NA	NA	NA	NA	The red niegey milbed	NA	NA	NA	NA	NA	NA	85	NA	NA	correct	NA	Q_ADJ2_ADJ1	R_COLOR_ADJ2	S_COLOR_ADJ1
6	NA	NA	NA	NA	NA	NA	The green niegey	NA	NA	NA	NA	NA	NA	86	NA	NA	correct	NA	Q_ADJ2	R_COLOR_ADJ2	S_COLOR
6	NA	NA	NA	NA	NA	NA	The green niegey milbed	NA	NA	NA	NA	NA	NA	87	NA	NA	correct	NA	Q_ADJ2_ADJ1	R_COLOR_ADJ2	S_COLOR_ADJ1
6	NA	NA	NA	NA	NA	NA	The blue niegey 	NA	NA	NA	NA	NA	NA	88	NA	NA	correct	NA	Q_ADJ2	R_COLOR_ADJ2	S_COLOR
6	NA	NA	NA	NA	NA	NA	The red niegey milbed	NA	NA	NA	NA	NA	NA	89	NA	NA	correct	NA	Q_ADJ2_ADJ1	R_COLOR_ADJ2	S_COLOR_ADJ1
6	NA	NA	NA	NA	NA	NA	The blue spaceship milbed	NA	NA	NA	NA	NA	NA	90	NA	NA	correct	NA	Q_ADJ1	R_COLOR	S_COLOR_ADJ1
6	NA	NA	NA	NA	NA	NA	The red spaceship milbed	NA	NA	NA	NA	NA	NA	91	NA	NA	correct	NA	Q_ADJ1	R_COLOR	S_COLOR_ADJ1
6	NA	NA	NA	NA	NA	NA	The  red niegey milbed	NA	NA	NA	NA	NA	NA	92	NA	NA	correct	NA	Q_ADJ2_ADJ1	R_COLOR_ADJ2	S_COLOR_ADJ1
6	NA	NA	NA	NA	NA	NA	The green niegey milbed	NA	NA	NA	NA	NA	NA	93	NA	NA	correct	NA	Q_ADJ2_ADJ1	R_COLOR_ADJ2	S_COLOR_ADJ1
6	NA	NA	NA	NA	NA	NA	The green niegey 	NA	NA	NA	NA	NA	NA	94	NA	NA	correct	NA	Q_ADJ2	R_COLOR_ADJ2	S_COLOR
6	NA	NA	NA	NA	NA	NA	The green niegey milbed	NA	NA	NA	NA	NA	NA	95	NA	NA	correct	NA	Q_ADJ2_ADJ1	R_COLOR_ADJ2	S_COLOR_ADJ1
6	NA	NA	NA	NA	NA	NA	The green spaceship milbed	NA	NA	NA	NA	NA	NA	96	NA	NA	correct	NA	Q_ADJ1	R_COLOR	S_COLOR_ADJ1
6	NA	NA	NA	NA	NA	NA	The blue niegey milbed	NA	NA	NA	NA	NA	NA	97	NA	NA	correct	NA	Q_ADJ2_ADJ1	R_COLOR_ADJ2	S_COLOR_ADJ1
6	NA	NA	NA	NA	NA	NA	The blue niegey milbed	NA	NA	NA	NA	NA	NA	98	NA	NA	correct	NA	Q_ADJ2_ADJ1	R_COLOR_ADJ2	S_COLOR_ADJ1
6	NA	NA	NA	NA	NA	NA	The red niegey milbed	NA	NA	NA	NA	NA	NA	99	NA	NA	correct	NA	Q_ADJ2_ADJ1	R_COLOR_ADJ2	S_COLOR_ADJ1
6	NA	NA	NA	NA	NA	NA	The blue niegey milbed	NA	NA	NA	NA	NA	NA	100	NA	NA	correct	NA	Q_ADJ2_ADJ1	R_COLOR_ADJ2	S_COLOR_ADJ1
6	NA	NA	NA	NA	NA	NA	The blue niegey milbed	NA	NA	NA	NA	NA	NA	101	NA	NA	correct	NA	Q_ADJ2_ADJ1	R_COLOR_ADJ2	S_COLOR_ADJ1
6	NA	NA	NA	NA	NA	NA	The red spaceship milbed	NA	NA	NA	NA	NA	NA	102	NA	NA	correct	NA	Q_ADJ1	R_COLOR	S_COLOR_ADJ1
6	NA	NA	NA	NA	NA	NA	The blue niegey milbed	NA	NA	NA	NA	NA	NA	103	NA	NA	correct	NA	Q_ADJ2_ADJ1	R_COLOR_ADJ2	S_COLOR_ADJ1
6	NA	NA	NA	NA	NA	NA	The  red niegey 	NA	NA	NA	NA	NA	NA	104	NA	NA	correct	NA	Q_ADJ2	R_COLOR_ADJ2	S_COLOR
6	NA	NA	NA	NA	NA	NA	The green spaceship milbed	NA	NA	NA	NA	NA	NA	105	NA	NA	correct	NA	Q_ADJ1	R_COLOR	S_COLOR_ADJ1
6	NA	NA	NA	NA	NA	NA	The blue spaceship milbed	NA	NA	NA	NA	NA	NA	106	NA	NA	correct	NA	Q_ADJ1	R_COLOR	S_COLOR_ADJ1
6	NA	NA	NA	NA	NA	NA	The red niegey 	NA	NA	NA	NA	NA	NA	107	NA	NA	correct	NA	Q_ADJ2	R_COLOR_ADJ2	S_COLOR
6	NA	NA	NA	NA	NA	NA	The red niegey milbed	NA	NA	NA	NA	NA	NA	109	NA	NA	correct	NA	Q_ADJ2_ADJ1	R_COLOR_ADJ2	S_COLOR_ADJ1
6	NA	NA	NA	NA	NA	NA	NA	NA	NA	0.94	NA	NA	NA	136	niegey	milbed	NA	NA	NA	NA	NA
6	NA	NA	NA	NA	NA	NA	NA	NA	NA	0.1	NA	NA	NA	137	blue	milbed	NA	NA	NA	NA	NA
6	NA	NA	NA	NA	NA	NA	NA	NA	NA	0	NA	NA	NA	138	small	green	NA	NA	NA	NA	NA
6	NA	NA	NA	NA	NA	NA	NA	NA	NA	1	NA	NA	NA	139	niegey	blue	NA	NA	NA	NA	NA
6	NA	NA	NA	NA	NA	NA	NA	NA	NA	0.1	NA	NA	NA	140	big	blue	NA	NA	NA	NA	NA
6	NA	NA	NA	NA	NA	NA	NA	NA	NA	0.02	NA	NA	NA	141	small	milbed	NA	NA	NA	NA	NA
6	NA	NA	NA	NA	NA	NA	NA	NA	NA	0.96	NA	NA	NA	142	milbed	green	NA	NA	NA	NA	NA
6	NA	NA	NA	NA	NA	NA	NA	NA	NA	0.98	NA	NA	NA	143	red	small	NA	NA	NA	NA	NA
6	NA	NA	NA	NA	NA	NA	NA	NA	NA	0.97	NA	NA	NA	144	milbed	red	NA	NA	NA	NA	NA
6	NA	NA	NA	NA	NA	NA	NA	NA	NA	0.05	NA	NA	NA	145	small	niegey	NA	NA	NA	NA	NA
6	NA	NA	NA	NA	NA	NA	NA	NA	NA	0.95	NA	NA	NA	146	milbed	big	NA	NA	NA	NA	NA
6	NA	NA	NA	NA	NA	NA	NA	NA	NA	0.95	NA	NA	NA	147	niegey	big	NA	NA	NA	NA	NA
6	NA	NA	NA	NA	NA	NA	NA	NA	NA	0.06	NA	NA	NA	148	green	niegey	NA	NA	NA	NA	NA
6	NA	NA	NA	NA	NA	NA	NA	NA	NA	0.05	NA	NA	NA	149	red	niegey	NA	NA	NA	NA	NA
6	NA	NA	NA	niegey	NA	I like ships that have this color, like this...	NA	NA	NA	0.03	NA	NA	NA	151	red	niegey	NA	NA	NA	NA	NA
6	NA	NA	NA	milbed	NA	I like ships of this type. My favorite one is this...	NA	NA	NA	0.99	NA	NA	NA	152	milbed	blue	NA	NA	NA	NA	NA
6	NA	NA	NA	milbed	NA	On our planet, many aliens fly ships like this...	NA	NA	NA	0.03	NA	NA	NA	153	green	milbed	NA	NA	NA	NA	NA
6	NA	NA	NA	niegey	NA	My friend used to fly this...	NA	NA	NA	0.03	NA	NA	NA	154	niegey	milbed	NA	NA	NA	NA	NA
6	NA	NA	NA	milbed	NA	What a nice color. I like flying this...	NA	NA	NA	0.01	NA	NA	NA	155	red	milbed	NA	NA	NA	NA	NA
6	NA	NA	NA	red	NA	Ugh, I hate flying this...	NA	NA	NA	0.06	NA	NA	NA	156	red	niegey	NA	NA	NA	NA	NA
6	NA	NA	NA	niegey	NA	I really don&quotechart like ships like this...	NA	NA	NA	0.06	NA	NA	NA	157	milbed	niegey	NA	NA	NA	NA	NA
6	NA	NA	NA	blue	NA	Humans think all of our ships look like this...	NA	NA	NA	0.05	NA	NA	NA	158	blue	milbed	NA	NA	NA	NA	NA
6	NA	NA	NA	niegey	NA	Wow -- I like this...	NA	NA	NA	0.04	NA	NA	NA	159	green	niegey	NA	NA	NA	NA	NA
6	NA	NA	NA	NONE	NA	For long distances, I use this...	NA	NA	NA	0.95	NA	NA	NA	160	milbed	green	NA	NA	NA	NA	NA
6	NA	NA	NA	NONE	NA	My first ship had the same shape as this...	NA	NA	NA	0.97	NA	NA	NA	161	niegey	red	NA	NA	NA	NA	NA
6	NA	NA	NA	NA	0.06	NA	NA	[0, 1]	NA	NA	NA	0.05	NA	162	NA	NA	NA	NA	NA	NA	NA
6	NA	NA	NA	NA	NA	NA	NA	[0, 1]	NA	NA	NA	NA	Tall and skinny spaceship	163	NA	NA	NA	Many footed	NA	NA	NA
6	NA	NA	0.2	NA	NA	NA	NA	[0, 1]	0.19	NA	NA	NA	NA	164	NA	NA	NA	NA	NA	NA	NA
7	blef	first	NA	NA	NA	NA	NA	NA	NA	NA	first	NA	NA	6	NA	NA	NA	NA	NA	NA	NA
7	blef	first	NA	NA	NA	NA	NA	NA	NA	NA	first	NA	NA	7	NA	NA	NA	NA	NA	NA	NA
7	blef	first	NA	NA	NA	NA	NA	NA	NA	NA	first	NA	NA	8	NA	NA	NA	NA	NA	NA	NA
7	blef	first	NA	NA	NA	NA	NA	NA	NA	NA	first	NA	NA	9	NA	NA	NA	NA	NA	NA	NA
7	dwakey	first	NA	NA	NA	NA	NA	NA	NA	NA	first	NA	NA	10	NA	NA	NA	NA	NA	NA	NA
7	blef	first	NA	NA	NA	NA	NA	NA	NA	NA	first	NA	NA	11	NA	NA	NA	NA	NA	NA	NA
7	blef	first	NA	NA	NA	NA	NA	NA	NA	NA	first	NA	NA	12	NA	NA	NA	NA	NA	NA	NA
7	dwakey	second	NA	NA	NA	NA	NA	NA	NA	NA	second	NA	NA	13	NA	NA	NA	NA	NA	NA	NA
7	blef	first	NA	NA	NA	NA	NA	NA	NA	NA	first	NA	NA	14	NA	NA	NA	NA	NA	NA	NA
7	dwakey	second	NA	NA	NA	NA	NA	NA	NA	NA	second	NA	NA	15	NA	NA	NA	NA	NA	NA	NA
7	dwakey	first	NA	NA	NA	NA	NA	NA	NA	NA	first	NA	NA	16	NA	NA	NA	NA	NA	NA	NA
7	dwakey	first	NA	NA	NA	NA	NA	NA	NA	NA	first	NA	NA	17	NA	NA	NA	NA	NA	NA	NA
7	dwakey	second	NA	NA	NA	NA	NA	NA	NA	NA	second	NA	NA	18	NA	NA	NA	NA	NA	NA	NA
7	dwakey	first	NA	NA	NA	NA	NA	NA	NA	NA	first	NA	NA	19	NA	NA	NA	NA	NA	NA	NA
7	blef	first	NA	NA	NA	NA	NA	NA	NA	NA	first	NA	NA	20	NA	NA	NA	NA	NA	NA	NA
7	dwakey	second	NA	NA	NA	NA	NA	NA	NA	NA	second	NA	NA	21	NA	NA	NA	NA	NA	NA	NA
7	dwakey	first	NA	NA	NA	NA	NA	NA	NA	NA	first	NA	NA	22	NA	NA	NA	NA	NA	NA	NA
7	blef	first	NA	NA	NA	NA	NA	NA	NA	NA	first	NA	NA	23	NA	NA	NA	NA	NA	NA	NA
7	blef	first	NA	NA	NA	NA	NA	NA	NA	NA	first	NA	NA	24	NA	NA	NA	NA	NA	NA	NA
7	blef	first	NA	NA	NA	NA	NA	NA	NA	NA	first	NA	NA	25	NA	NA	NA	NA	NA	NA	NA
7	blef	first	NA	NA	NA	NA	NA	NA	NA	NA	first	NA	NA	26	NA	NA	NA	NA	NA	NA	NA
7	dwakey	first	NA	NA	NA	NA	NA	NA	NA	NA	first	NA	NA	27	NA	NA	NA	NA	NA	NA	NA
7	dwakey	first	NA	NA	NA	NA	NA	NA	NA	NA	first	NA	NA	28	NA	NA	NA	NA	NA	NA	NA
7	dwakey	second	NA	NA	NA	NA	NA	NA	NA	NA	second	NA	NA	29	NA	NA	NA	NA	NA	NA	NA
7	dwakey	first	NA	NA	NA	NA	NA	NA	NA	NA	first	NA	NA	30	NA	NA	NA	NA	NA	NA	NA
7	dwakey	first	NA	NA	NA	NA	NA	NA	NA	NA	first	NA	NA	31	NA	NA	NA	NA	NA	NA	NA
7	dwakey	first	NA	NA	NA	NA	NA	NA	NA	NA	first	NA	NA	32	NA	NA	NA	NA	NA	NA	NA
7	blef	first	NA	NA	NA	NA	NA	NA	NA	NA	first	NA	NA	33	NA	NA	NA	NA	NA	NA	NA
7	dwakey	first	NA	NA	NA	NA	NA	NA	NA	NA	first	NA	NA	34	NA	NA	NA	NA	NA	NA	NA
7	dwakey	second	NA	NA	NA	NA	NA	NA	NA	NA	second	NA	NA	35	NA	NA	NA	NA	NA	NA	NA
7	dwakey	first	NA	NA	NA	NA	NA	NA	NA	NA	first	NA	NA	36	NA	NA	NA	NA	NA	NA	NA
7	dwakey	first	NA	NA	NA	NA	NA	NA	NA	NA	first	NA	NA	37	NA	NA	NA	NA	NA	NA	NA
7	dwakey	second	NA	NA	NA	NA	NA	NA	NA	NA	second	NA	NA	38	NA	NA	NA	NA	NA	NA	NA
7	blef	second	NA	NA	NA	NA	NA	NA	NA	NA	second	NA	NA	39	NA	NA	NA	NA	NA	NA	NA
7	blef	second	NA	NA	NA	NA	NA	NA	NA	NA	second	NA	NA	40	NA	NA	NA	NA	NA	NA	NA
7	dwakey	second	NA	NA	NA	NA	NA	NA	NA	NA	first	NA	NA	41	NA	NA	NA	NA	NA	NA	NA
7	dwakey	second	NA	NA	NA	NA	NA	NA	NA	NA	second	NA	NA	42	NA	NA	NA	NA	NA	NA	NA
7	blef	first	NA	NA	NA	NA	NA	NA	NA	NA	first	NA	NA	43	NA	NA	NA	NA	NA	NA	NA
7	dwakey	first	NA	NA	NA	NA	NA	NA	NA	NA	first	NA	NA	44	NA	NA	NA	NA	NA	NA	NA
7	blef	first	NA	NA	NA	NA	NA	NA	NA	NA	first	NA	NA	45	NA	NA	NA	NA	NA	NA	NA
7	blef	first	NA	NA	NA	NA	NA	NA	NA	NA	first	NA	NA	46	NA	NA	NA	NA	NA	NA	NA
7	blef	second	NA	NA	NA	NA	NA	NA	NA	NA	second	NA	NA	47	NA	NA	NA	NA	NA	NA	NA
7	dwakey	first	NA	NA	NA	NA	NA	NA	NA	NA	first	NA	NA	48	NA	NA	NA	NA	NA	NA	NA
7	blef	second	NA	NA	NA	NA	NA	NA	NA	NA	second	NA	NA	49	NA	NA	NA	NA	NA	NA	NA
7	blef	first	NA	NA	NA	NA	NA	NA	NA	NA	first	NA	NA	50	NA	NA	NA	NA	NA	NA	NA
7	blef	first	NA	NA	NA	NA	NA	NA	NA	NA	first	NA	NA	51	NA	NA	NA	NA	NA	NA	NA
7	blef	first	NA	NA	NA	NA	NA	NA	NA	NA	first	NA	NA	52	NA	NA	NA	NA	NA	NA	NA
7	blef	first	NA	NA	NA	NA	NA	NA	NA	NA	first	NA	NA	53	NA	NA	NA	NA	NA	NA	NA
7	NA	NA	NA	NA	NA	NA	blef blue   	NA	NA	NA	NA	NA	NA	55	NA	NA	correct	NA	Q_ADJ1	R_COLOR	S_ADJ1_COLOR
7	NA	NA	NA	NA	NA	NA	dwakey green   	NA	NA	NA	NA	NA	NA	56	NA	NA	correct	NA	Q_ADJ2	R_ADJ2_COLOR	S_COLOR
7	NA	NA	NA	NA	NA	NA	dwakey blef green  	NA	NA	NA	NA	NA	NA	57	NA	NA	correct	NA	Q_ADJ2_ADJ1	R_ADJ2_COLOR	S_ADJ1_COLOR
7	NA	NA	NA	NA	NA	NA	blef red   	NA	NA	NA	NA	NA	NA	58	NA	NA	correct	NA	Q_ADJ1	R_COLOR	S_ADJ1_COLOR
7	NA	NA	NA	NA	NA	NA	dwakey blef red  	NA	NA	NA	NA	NA	NA	59	NA	NA	correct	NA	Q_ADJ2_ADJ1	R_ADJ2_COLOR	S_ADJ1_COLOR
7	NA	NA	NA	NA	NA	NA	dwakey blef blue  	NA	NA	NA	NA	NA	NA	60	NA	NA	correct	NA	Q_ADJ2_ADJ1	R_ADJ2_COLOR	S_ADJ1_COLOR
7	NA	NA	NA	NA	NA	NA	dwakey red blef  	NA	NA	NA	NA	NA	NA	61	NA	NA	correct	NA	Q_ADJ2_ADJ1	R_ADJ2_COLOR	S_COLOR_ADJ1
7	NA	NA	NA	NA	NA	NA	blef red   	NA	NA	NA	NA	NA	NA	62	NA	NA	correct	NA	Q_ADJ1	R_COLOR	S_ADJ1_COLOR
7	NA	NA	NA	NA	NA	NA	blef red   	NA	NA	NA	NA	NA	NA	63	NA	NA	correct	NA	Q_ADJ1	R_COLOR	S_ADJ1_COLOR
7	NA	NA	NA	NA	NA	NA	dwakey blef red  	NA	NA	NA	NA	NA	NA	64	NA	NA	correct	NA	Q_ADJ2_ADJ1	R_ADJ2_COLOR	S_ADJ1_COLOR
7	NA	NA	NA	NA	NA	NA	dwakey blue blef  	NA	NA	NA	NA	NA	NA	65	NA	NA	correct	NA	Q_ADJ2_ADJ1	R_ADJ2_COLOR	S_COLOR_ADJ1
7	NA	NA	NA	NA	NA	NA	dwakey blue   	NA	NA	NA	NA	NA	NA	66	NA	NA	correct	NA	Q_ADJ2	R_ADJ2_COLOR	S_COLOR
7	NA	NA	NA	NA	NA	NA	dwakey green blef  	NA	NA	NA	NA	NA	NA	67	NA	NA	correct	NA	Q_ADJ2_ADJ1	R_ADJ2_COLOR	S_COLOR_ADJ1
7	NA	NA	NA	NA	NA	NA	dwakey blue   	NA	NA	NA	NA	NA	NA	68	NA	NA	correct	NA	Q_ADJ2	R_ADJ2_COLOR	S_COLOR
7	NA	NA	NA	NA	NA	NA	dwakey red   	NA	NA	NA	NA	NA	NA	69	NA	NA	correct	NA	Q_ADJ2	R_ADJ2_COLOR	S_COLOR
7	NA	NA	NA	NA	NA	NA	blef green   	NA	NA	NA	NA	NA	NA	70	NA	NA	correct	NA	Q_ADJ1	R_COLOR	S_ADJ1_COLOR
7	NA	NA	NA	NA	NA	NA	dwakey blue blef  	NA	NA	NA	NA	NA	NA	71	NA	NA	correct	NA	Q_ADJ2_ADJ1	R_ADJ2_COLOR	S_COLOR_ADJ1
7	NA	NA	NA	NA	NA	NA	dwakey green   	NA	NA	NA	NA	NA	NA	72	NA	NA	correct	NA	Q_ADJ2	R_ADJ2_COLOR	S_COLOR
7	NA	NA	NA	NA	NA	NA	dwakey    	NA	NA	NA	NA	NA	NA	73	NA	NA	correct	NA	Q_ADJ2	R_ADJ2	S_
7	NA	NA	NA	NA	NA	NA	dwakey red blef  	NA	NA	NA	NA	NA	NA	74	NA	NA	correct	NA	Q_ADJ2_ADJ1	R_ADJ2_COLOR	S_COLOR_ADJ1
7	NA	NA	NA	NA	NA	NA	dwakey green   	NA	NA	NA	NA	NA	NA	75	NA	NA	correct	NA	Q_ADJ2	R_ADJ2_COLOR	S_COLOR
7	NA	NA	NA	NA	NA	NA	dwakey red blef  	NA	NA	NA	NA	NA	NA	76	NA	NA	correct	NA	Q_ADJ2_ADJ1	R_ADJ2_COLOR	S_COLOR_ADJ1
7	NA	NA	NA	NA	NA	NA	dwakey    	NA	NA	NA	NA	NA	NA	77	NA	NA	correct	NA	Q_ADJ2	R_ADJ2	S_
7	NA	NA	NA	NA	NA	NA	dwakey green blef  	NA	NA	NA	NA	NA	NA	78	NA	NA	correct	NA	Q_ADJ2_ADJ1	R_ADJ2_COLOR	S_COLOR_ADJ1
7	NA	NA	NA	NA	NA	NA	blue blef   	NA	NA	NA	NA	NA	NA	79	NA	NA	correct	NA	Q_ADJ1	R_COLOR	S_COLOR_ADJ1
7	NA	NA	NA	NA	NA	NA	blue    	NA	NA	NA	NA	NA	NA	80	NA	NA	correct	NA	Q_	R_COLOR	S_COLOR
7	NA	NA	NA	NA	NA	NA	red	NA	NA	NA	NA	NA	NA	82	NA	NA	correct	NA	Q_	R_COLOR	S_COLOR
7	NA	NA	NA	NA	NA	NA	green	NA	NA	NA	NA	NA	NA	83	NA	NA	correct	NA	Q_	R_COLOR	S_COLOR
7	NA	NA	NA	NA	NA	NA	dwakey	NA	NA	NA	NA	NA	NA	84	NA	NA	correct	NA	Q_ADJ2	R_ADJ2	S_
7	NA	NA	NA	NA	NA	NA	red blef	NA	NA	NA	NA	NA	NA	85	NA	NA	correct	NA	Q_ADJ1	R_COLOR	S_COLOR_ADJ1
7	NA	NA	NA	NA	NA	NA	blue	NA	NA	NA	NA	NA	NA	86	NA	NA	correct	NA	Q_	R_COLOR	S_COLOR
7	NA	NA	NA	NA	NA	NA	blue blef	NA	NA	NA	NA	NA	NA	87	NA	NA	correct	NA	Q_ADJ1	R_COLOR	S_COLOR_ADJ1
7	NA	NA	NA	NA	NA	NA	dwakey green	NA	NA	NA	NA	NA	NA	88	NA	NA	correct	NA	Q_ADJ2	R_ADJ2_COLOR	S_COLOR
7	NA	NA	NA	NA	NA	NA	dwakey blue blef	NA	NA	NA	NA	NA	NA	89	NA	NA	correct	NA	Q_ADJ2_ADJ1	R_ADJ2_COLOR	S_COLOR_ADJ1
7	NA	NA	NA	NA	NA	NA	dwakey blef	NA	NA	NA	NA	NA	NA	90	NA	NA	correct	NA	Q_ADJ2_ADJ1	R_ADJ2	S_ADJ1
7	NA	NA	NA	NA	NA	NA	red blef	NA	NA	NA	NA	NA	NA	91	NA	NA	correct	NA	Q_ADJ1	R_COLOR	S_COLOR_ADJ1
7	NA	NA	NA	NA	NA	NA	dwakey blef	NA	NA	NA	NA	NA	NA	92	NA	NA	correct	NA	Q_ADJ2_ADJ1	R_ADJ2	S_ADJ1
7	NA	NA	NA	NA	NA	NA	green blef	NA	NA	NA	NA	NA	NA	93	NA	NA	correct	NA	Q_ADJ1	R_COLOR	S_COLOR_ADJ1
7	NA	NA	NA	NA	NA	NA	red blef	NA	NA	NA	NA	NA	NA	94	NA	NA	correct	NA	Q_ADJ1	R_COLOR	S_COLOR_ADJ1
7	NA	NA	NA	NA	NA	NA	dwakey blue	NA	NA	NA	NA	NA	NA	95	NA	NA	correct	NA	Q_ADJ2	R_ADJ2_COLOR	S_COLOR
7	NA	NA	NA	NA	NA	NA	blue blef	NA	NA	NA	NA	NA	NA	96	NA	NA	correct	NA	Q_ADJ1	R_COLOR	S_COLOR_ADJ1
7	NA	NA	NA	NA	NA	NA	dwakey red	NA	NA	NA	NA	NA	NA	97	NA	NA	correct	NA	Q_ADJ2	R_ADJ2_COLOR	S_COLOR
7	NA	NA	NA	NA	NA	NA	dwakey red blef	NA	NA	NA	NA	NA	NA	98	NA	NA	correct	NA	Q_ADJ2_ADJ1	R_ADJ2_COLOR	S_COLOR_ADJ1
7	NA	NA	NA	NA	NA	NA	dwakey	NA	NA	NA	NA	NA	NA	99	NA	NA	correct	NA	Q_ADJ2	R_ADJ2	S_
7	NA	NA	NA	NA	NA	NA	dwakey red	NA	NA	NA	NA	NA	NA	100	NA	NA	correct	NA	Q_ADJ2	R_ADJ2_COLOR	S_COLOR
7	NA	NA	NA	NA	NA	NA	blue	NA	NA	NA	NA	NA	NA	101	NA	NA	correct	NA	Q_	R_COLOR	S_COLOR
7	NA	NA	NA	NA	NA	NA	dwakey blue blef	NA	NA	NA	NA	NA	NA	102	NA	NA	correct	NA	Q_ADJ2_ADJ1	R_ADJ2_COLOR	S_COLOR_ADJ1
7	NA	NA	NA	NA	NA	NA	dwakey	NA	NA	NA	NA	NA	NA	103	NA	NA	correct	NA	Q_ADJ2	R_ADJ2	S_
7	NA	NA	NA	NA	NA	NA	dwakey green blef	NA	NA	NA	NA	NA	NA	104	NA	NA	correct	NA	Q_ADJ2_ADJ1	R_ADJ2_COLOR	S_COLOR_ADJ1
7	NA	NA	NA	NA	NA	NA	dwakey blue	NA	NA	NA	NA	NA	NA	105	NA	NA	correct	NA	Q_ADJ2	R_ADJ2_COLOR	S_COLOR
7	NA	NA	NA	NA	NA	NA	dwakey green	NA	NA	NA	NA	NA	NA	106	NA	NA	correct	NA	Q_ADJ2	R_ADJ2_COLOR	S_COLOR
7	NA	NA	NA	NA	NA	NA	green	NA	NA	NA	NA	NA	NA	107	NA	NA	correct	NA	Q_	R_COLOR	S_COLOR
7	NA	NA	NA	NA	NA	NA	red	NA	NA	NA	NA	NA	NA	109	NA	NA	correct	NA	Q_	R_COLOR	S_COLOR
7	NA	NA	NA	NA	NA	NA	NA	NA	NA	0.73	NA	NA	NA	136	blef	dwakey	NA	NA	NA	NA	NA
7	NA	NA	NA	NA	NA	NA	NA	NA	NA	0.75	NA	NA	NA	137	dwakey	small	NA	NA	NA	NA	NA
7	NA	NA	NA	NA	NA	NA	NA	NA	NA	0.75	NA	NA	NA	138	dwakey	green	NA	NA	NA	NA	NA
7	NA	NA	NA	NA	NA	NA	NA	NA	NA	0.2	NA	NA	NA	139	small	red	NA	NA	NA	NA	NA
7	NA	NA	NA	NA	NA	NA	NA	NA	NA	0.82	NA	NA	NA	140	blef	blue	NA	NA	NA	NA	NA
7	NA	NA	NA	NA	NA	NA	NA	NA	NA	0.14	NA	NA	NA	141	big	blue	NA	NA	NA	NA	NA
7	NA	NA	NA	NA	NA	NA	NA	NA	NA	0.77	NA	NA	NA	142	green	big	NA	NA	NA	NA	NA
7	NA	NA	NA	NA	NA	NA	NA	NA	NA	0.79	NA	NA	NA	143	dwakey	big	NA	NA	NA	NA	NA
7	NA	NA	NA	NA	NA	NA	NA	NA	NA	0.19	NA	NA	NA	144	small	blef	NA	NA	NA	NA	NA
7	NA	NA	NA	NA	NA	NA	NA	NA	NA	0.81	NA	NA	NA	145	blef	green	NA	NA	NA	NA	NA
7	NA	NA	NA	NA	NA	NA	NA	NA	NA	0.14	NA	NA	NA	146	blue	dwakey	NA	NA	NA	NA	NA
7	NA	NA	NA	NA	NA	NA	NA	NA	NA	0.82	NA	NA	NA	147	dwakey	red	NA	NA	NA	NA	NA
7	NA	NA	NA	NA	NA	NA	NA	NA	NA	0.8	NA	NA	NA	148	blef	big	NA	NA	NA	NA	NA
7	NA	NA	NA	NA	NA	NA	NA	NA	NA	0.15	NA	NA	NA	149	red	blef	NA	NA	NA	NA	NA
7	NA	NA	NA	NONE	NA	Humans think all of our ships look like this...	NA	NA	NA	0.1	NA	NA	NA	151	red	blef	NA	NA	NA	NA	NA
7	NA	NA	NA	dwakey	NA	I like ships that have this color, like this...	NA	NA	NA	0.83	NA	NA	NA	152	blef	dwakey	NA	NA	NA	NA	NA
7	NA	NA	NA	dwakey	NA	My friend used to fly this...	NA	NA	NA	0.8	NA	NA	NA	153	dwakey	green	NA	NA	NA	NA	NA
7	NA	NA	NA	NONE	NA	What a nice color. I like flying this...	NA	NA	NA	0.81	NA	NA	NA	154	dwakey	red	NA	NA	NA	NA	NA
7	NA	NA	NA	dwakey	NA	I really don&quotechart like ships like this...	NA	NA	NA	0.8	NA	NA	NA	155	blef	dwakey	NA	NA	NA	NA	NA
7	NA	NA	NA	blef	NA	I like ships of this type. My favorite one is this...	NA	NA	NA	0.83	NA	NA	NA	156	blef	green	NA	NA	NA	NA	NA
7	NA	NA	NA	dwakey	NA	Wow -- I like this...	NA	NA	NA	0.8	NA	NA	NA	157	dwakey	blue	NA	NA	NA	NA	NA
7	NA	NA	NA	blef	NA	My first ship had the same shape as this...	NA	NA	NA	0.12	NA	NA	NA	158	blue	blef	NA	NA	NA	NA	NA
7	NA	NA	NA	blef	NA	Ugh, I hate flying this...	NA	NA	NA	0.11	NA	NA	NA	159	green	blef	NA	NA	NA	NA	NA
7	NA	NA	NA	green	NA	For long distances, I use this...	NA	NA	NA	0.12	NA	NA	NA	160	green	blef	NA	NA	NA	NA	NA
7	NA	NA	NA	red	NA	On our planet, many aliens fly ships like this...	NA	NA	NA	0.13	NA	NA	NA	161	red	dwakey	NA	NA	NA	NA	NA
7	NA	NA	NA	NA	NA	NA	NA	[1, 0]	NA	NA	NA	NA	round	162	NA	NA	NA	many legs	NA	NA	NA
7	NA	NA	0.14	NA	NA	NA	NA	[1, 0]	0.86	NA	NA	NA	NA	163	NA	NA	NA	NA	NA	NA	NA
7	NA	NA	NA	NA	0.03	NA	NA	[1, 0]	NA	NA	NA	0.88	NA	164	NA	NA	NA	NA	NA	NA	NA
